{
	"credit": "Made with Blockbench",
	"textures": {
		"1": "item/pool/orange",
		"2": "item/pool/white",
		"3": "item/pool/13",
		"particle": "item/pool/cueball"
	},
	"elements": [
		{
			"from": [4, 7.5, 6.5],
			"to": [12, 8.5, 9.5],
			"faces": {
				"north": {"uv": [0, 0, 8, 1], "rotation": 180, "texture": "#2"},
				"east": {"uv": [0, 0, 4, 1], "rotation": 180, "texture": "#2"},
				"south": {"uv": [0, 0, 8, 1], "rotation": 180, "texture": "#2"},
				"west": {"uv": [0, 0, 4, 1], "rotation": 180, "texture": "#2"},
				"up": {"uv": [0, 0, 8, 4], "texture": "#2"},
				"down": {"uv": [0, 0, 8, 4], "texture": "#2"}
			}
		},
		{
			"from": [3.99, 7, 7],
			"to": [12.01, 9, 9],
			"faces": {
				"north": {"uv": [0, 0, 8, 1], "rotation": 180, "texture": "#2"},
				"east": {"uv": [0, 0, 16, 16], "texture": "#3"},
				"south": {"uv": [0, 0, 8, 1], "rotation": 180, "texture": "#2"},
				"west": {"uv": [0, 0, 16, 16], "rotation": 180, "texture": "#3"},
				"up": {"uv": [0, 0, 8, 4], "texture": "#2"},
				"down": {"uv": [0, 0, 8, 4], "texture": "#2"}
			}
		},
		{
			"from": [4.49, 6.5, 7],
			"to": [11.51, 9.5, 9],
			"faces": {
				"north": {"uv": [0, 0, 8, 1], "rotation": 180, "texture": "#2"},
				"east": {"uv": [0, 0, 4, 1], "rotation": 180, "texture": "#2"},
				"south": {"uv": [0, 0, 8, 1], "rotation": 180, "texture": "#2"},
				"west": {"uv": [0, 0, 4, 1], "rotation": 180, "texture": "#2"},
				"up": {"uv": [0, 0, 8, 4], "texture": "#2"},
				"down": {"uv": [0, 0, 8, 4], "texture": "#2"}
			}
		},
		{
			"from": [4.49, 7, 6.5],
			"to": [11.51, 9, 9.5],
			"rotation": {"angle": 0, "axis": "x", "origin": [8.49, 8, 8]},
			"faces": {
				"north": {"uv": [0, 0, 8, 4], "rotation": 180, "texture": "#2"},
				"east": {"uv": [0, 0, 4, 1], "rotation": 90, "texture": "#2"},
				"south": {"uv": [0, 0, 8, 4], "texture": "#2"},
				"west": {"uv": [0, 0, 4, 1], "rotation": 270, "texture": "#2"},
				"up": {"uv": [0, 0, 8, 1], "texture": "#2"},
				"down": {"uv": [0, 0, 8, 1], "rotation": 180, "texture": "#2"}
			}
		},
		{
			"from": [4, 6.5, 7.5],
			"to": [12, 9.5, 8.5],
			"faces": {
				"north": {"uv": [0, 0, 8, 1], "rotation": 180, "texture": "#2"},
				"east": {"uv": [0, 0, 4, 1], "rotation": 180, "texture": "#2"},
				"south": {"uv": [0, 0, 8, 1], "rotation": 180, "texture": "#2"},
				"west": {"uv": [0, 0, 4, 1], "rotation": 180, "texture": "#2"},
				"up": {"uv": [0, 0, 8, 4], "texture": "#2"},
				"down": {"uv": [0, 0, 8, 4], "texture": "#2"}
			}
		},
		{
			"from": [4.5, 5.5, 7.5],
			"to": [11.5, 10.5, 8.5],
			"faces": {
				"north": {"uv": [0, 0, 8, 1], "rotation": 180, "texture": "#1"},
				"east": {"uv": [0, 0, 4, 1], "rotation": 180, "texture": "#1"},
				"south": {"uv": [0, 0, 8, 1], "rotation": 180, "texture": "#1"},
				"west": {"uv": [0, 0, 4, 1], "rotation": 180, "texture": "#1"},
				"up": {"uv": [0, 0, 8, 4], "texture": "#1"},
				"down": {"uv": [0, 0, 8, 4], "texture": "#1"}
			}
		},
		{
			"from": [7.5, 4.5, 5.5],
			"to": [8.5, 11.5, 10.5],
			"faces": {
				"north": {"uv": [0, 0, 4, 1], "rotation": 180, "texture": "#2"},
				"east": {"uv": [0, 0, 8, 1], "rotation": 180, "texture": "#2"},
				"south": {"uv": [0, 0, 4, 1], "rotation": 180, "texture": "#2"},
				"west": {"uv": [0, 0, 8, 1], "rotation": 180, "texture": "#2"},
				"up": {"uv": [0, 0, 8, 4], "rotation": 90, "texture": "#2"},
				"down": {"uv": [0, 0, 8, 4], "rotation": 270, "texture": "#2"}
			}
		},
		{
			"from": [5.5, 4.5, 7.5],
			"to": [10.5, 11.5, 8.5],
			"faces": {
				"north": {"uv": [0, 0, 8, 1], "rotation": 180, "texture": "#2"},
				"east": {"uv": [0, 0, 4, 1], "rotation": 180, "texture": "#2"},
				"south": {"uv": [0, 0, 8, 1], "rotation": 180, "texture": "#2"},
				"west": {"uv": [0, 0, 4, 1], "rotation": 180, "texture": "#2"},
				"up": {"uv": [0, 0, 8, 4], "texture": "#2"},
				"down": {"uv": [0, 0, 8, 4], "texture": "#2"}
			}
		},
		{
			"from": [6.5, 4, 7.5],
			"to": [9.5, 12, 8.5],
			"faces": {
				"north": {"uv": [0, 0, 8, 1], "rotation": 180, "texture": "#2"},
				"east": {"uv": [0, 0, 4, 1], "rotation": 180, "texture": "#2"},
				"south": {"uv": [0, 0, 8, 1], "rotation": 180, "texture": "#2"},
				"west": {"uv": [0, 0, 4, 1], "rotation": 180, "texture": "#2"},
				"up": {"uv": [0, 0, 8, 4], "texture": "#2"},
				"down": {"uv": [0, 0, 8, 4], "texture": "#2"}
			}
		},
		{
			"from": [7.5, 4, 6.5],
			"to": [8.5, 12, 9.5],
			"faces": {
				"north": {"uv": [0, 0, 4, 1], "rotation": 180, "texture": "#2"},
				"east": {"uv": [0, 0, 8, 1], "rotation": 180, "texture": "#2"},
				"south": {"uv": [0, 0, 4, 1], "rotation": 180, "texture": "#2"},
				"west": {"uv": [0, 0, 8, 1], "rotation": 180, "texture": "#2"},
				"up": {"uv": [0, 0, 8, 4], "rotation": 90, "texture": "#2"},
				"down": {"uv": [0, 0, 8, 4], "rotation": 270, "texture": "#2"}
			}
		},
		{
			"from": [7, 4, 7],
			"to": [9, 12, 9],
			"faces": {
				"north": {"uv": [0, 0, 8, 1], "rotation": 180, "texture": "#2"},
				"east": {"uv": [0, 0, 4, 1], "rotation": 180, "texture": "#2"},
				"south": {"uv": [0, 0, 8, 1], "rotation": 180, "texture": "#2"},
				"west": {"uv": [0, 0, 4, 1], "rotation": 180, "texture": "#2"},
				"up": {"uv": [0, 0, 8, 4], "texture": "#2"},
				"down": {"uv": [0, 0, 8, 4], "texture": "#2"}
			}
		},
		{
			"from": [6.5, 4.5, 6],
			"to": [9.5, 11.5, 10],
			"faces": {
				"north": {"uv": [0, 0, 4, 1], "rotation": 180, "texture": "#2"},
				"east": {"uv": [0, 0, 8, 1], "rotation": 180, "texture": "#2"},
				"south": {"uv": [0, 0, 4, 1], "rotation": 180, "texture": "#2"},
				"west": {"uv": [0, 0, 8, 1], "rotation": 180, "texture": "#2"},
				"up": {"uv": [0, 0, 8, 4], "rotation": 90, "texture": "#2"},
				"down": {"uv": [0, 0, 8, 4], "rotation": 270, "texture": "#2"}
			}
		},
		{
			"from": [6, 4.5, 6.5],
			"to": [10, 11.5, 9.5],
			"faces": {
				"north": {"uv": [0, 0, 8, 1], "rotation": 180, "texture": "#2"},
				"east": {"uv": [0, 0, 4, 1], "rotation": 180, "texture": "#2"},
				"south": {"uv": [0, 0, 8, 1], "rotation": 180, "texture": "#2"},
				"west": {"uv": [0, 0, 4, 1], "rotation": 180, "texture": "#2"},
				"up": {"uv": [0, 0, 8, 4], "texture": "#2"},
				"down": {"uv": [0, 0, 8, 4], "texture": "#2"}
			}
		},
		{
			"from": [5, 5, 7],
			"to": [11, 11, 9],
			"faces": {
				"north": {"uv": [0, 0, 8, 1], "rotation": 180, "texture": "#2"},
				"east": {"uv": [0, 0, 4, 1], "rotation": 180, "texture": "#2"},
				"south": {"uv": [0, 0, 8, 1], "rotation": 180, "texture": "#2"},
				"west": {"uv": [0, 0, 4, 1], "rotation": 180, "texture": "#2"},
				"up": {"uv": [0, 0, 8, 4], "texture": "#2"},
				"down": {"uv": [0, 0, 8, 4], "texture": "#2"}
			}
		},
		{
			"from": [7, 5, 5],
			"to": [9, 11, 11],
			"faces": {
				"north": {"uv": [0, 0, 4, 1], "rotation": 180, "texture": "#2"},
				"east": {"uv": [0, 0, 8, 1], "rotation": 180, "texture": "#2"},
				"south": {"uv": [0, 0, 4, 1], "rotation": 180, "texture": "#2"},
				"west": {"uv": [0, 0, 8, 1], "rotation": 180, "texture": "#2"},
				"up": {"uv": [0, 0, 8, 4], "rotation": 90, "texture": "#2"},
				"down": {"uv": [0, 0, 8, 4], "rotation": 270, "texture": "#2"}
			}
		},
		{
			"from": [5.5, 5, 6],
			"to": [10.5, 11, 10],
			"faces": {
				"north": {"uv": [0, 0, 8, 1], "rotation": 180, "texture": "#2"},
				"east": {"uv": [0, 0, 4, 1], "rotation": 180, "texture": "#2"},
				"south": {"uv": [0, 0, 8, 1], "rotation": 180, "texture": "#2"},
				"west": {"uv": [0, 0, 4, 1], "rotation": 180, "texture": "#2"},
				"up": {"uv": [0, 0, 8, 4], "texture": "#2"},
				"down": {"uv": [0, 0, 8, 4], "texture": "#2"}
			}
		},
		{
			"from": [6, 5, 5.5],
			"to": [10, 11, 10.5],
			"faces": {
				"north": {"uv": [0, 0, 4, 1], "rotation": 180, "texture": "#2"},
				"east": {"uv": [0, 0, 8, 1], "rotation": 180, "texture": "#2"},
				"south": {"uv": [0, 0, 4, 1], "rotation": 180, "texture": "#2"},
				"west": {"uv": [0, 0, 8, 1], "rotation": 180, "texture": "#2"},
				"up": {"uv": [0, 0, 8, 4], "rotation": 90, "texture": "#2"},
				"down": {"uv": [0, 0, 8, 4], "rotation": 270, "texture": "#2"}
			}
		},
		{
			"from": [7.5, 5.5, 4.5],
			"to": [8.5, 10.5, 11.5],
			"faces": {
				"north": {"uv": [0, 0, 4, 1], "rotation": 180, "texture": "#1"},
				"east": {"uv": [0, 0, 8, 1], "rotation": 180, "texture": "#1"},
				"south": {"uv": [0, 0, 4, 1], "rotation": 180, "texture": "#1"},
				"west": {"uv": [0, 0, 8, 1], "rotation": 180, "texture": "#1"},
				"up": {"uv": [0, 0, 8, 4], "rotation": 90, "texture": "#1"},
				"down": {"uv": [0, 0, 8, 4], "rotation": 270, "texture": "#1"}
			}
		},
		{
			"from": [4.99, 5.5, 6],
			"to": [11.01, 10.5, 10],
			"faces": {
				"north": {"uv": [0, 0, 8, 1], "rotation": 180, "texture": "#1"},
				"east": {"uv": [0, 0, 4, 1], "rotation": 180, "texture": "#1"},
				"south": {"uv": [0, 0, 8, 1], "rotation": 180, "texture": "#1"},
				"west": {"uv": [0, 0, 4, 1], "rotation": 180, "texture": "#1"},
				"up": {"uv": [0, 0, 8, 4], "texture": "#1"},
				"down": {"uv": [0, 0, 8, 4], "texture": "#1"}
			}
		},
		{
			"from": [6, 5.5, 4.99],
			"to": [10, 10.5, 11.01],
			"faces": {
				"north": {"uv": [0, 0, 4, 1], "rotation": 180, "texture": "#1"},
				"east": {"uv": [0, 0, 8, 1], "rotation": 180, "texture": "#1"},
				"south": {"uv": [0, 0, 4, 1], "rotation": 180, "texture": "#1"},
				"west": {"uv": [0, 0, 8, 1], "rotation": 180, "texture": "#1"},
				"up": {"uv": [0, 0, 8, 4], "rotation": 90, "texture": "#1"},
				"down": {"uv": [0, 0, 8, 4], "rotation": 270, "texture": "#1"}
			}
		},
		{
			"from": [5.5, 5.5, 5.5],
			"to": [10.5, 10.5, 10.5],
			"faces": {
				"north": {"uv": [0, 0, 8, 1], "rotation": 180, "texture": "#1"},
				"east": {"uv": [0, 0, 4, 1], "rotation": 180, "texture": "#1"},
				"south": {"uv": [0, 0, 8, 1], "rotation": 180, "texture": "#1"},
				"west": {"uv": [0, 0, 4, 1], "rotation": 180, "texture": "#1"},
				"up": {"uv": [0, 0, 8, 4], "texture": "#1"},
				"down": {"uv": [0, 0, 8, 4], "texture": "#1"}
			}
		},
		{
			"from": [7.5, 6.5, 4],
			"to": [8.5, 9.5, 12],
			"faces": {
				"north": {"uv": [0, 0, 4, 1], "rotation": 180, "texture": "#1"},
				"east": {"uv": [0, 0, 8, 1], "rotation": 180, "texture": "#1"},
				"south": {"uv": [0, 0, 4, 1], "rotation": 180, "texture": "#1"},
				"west": {"uv": [0, 0, 8, 1], "rotation": 180, "texture": "#1"},
				"up": {"uv": [0, 0, 8, 4], "rotation": 90, "texture": "#1"},
				"down": {"uv": [0, 0, 8, 4], "rotation": 270, "texture": "#1"}
			}
		},
		{
			"from": [7, 7, 4],
			"to": [9, 9, 12],
			"faces": {
				"north": {"uv": [0, 0, 4, 1], "rotation": 180, "texture": "#1"},
				"east": {"uv": [0, 0, 8, 1], "rotation": 180, "texture": "#1"},
				"south": {"uv": [0, 0, 4, 1], "rotation": 180, "texture": "#1"},
				"west": {"uv": [0, 0, 8, 1], "rotation": 180, "texture": "#1"},
				"up": {"uv": [0, 0, 8, 4], "rotation": 90, "texture": "#1"},
				"down": {"uv": [0, 0, 8, 4], "rotation": 270, "texture": "#1"}
			}
		},
		{
			"from": [4.5, 6.5, 6],
			"to": [11.5, 9.5, 10],
			"faces": {
				"north": {"uv": [0, 0, 8, 1], "rotation": 180, "texture": "#1"},
				"east": {"uv": [0, 0, 4, 1], "rotation": 180, "texture": "#1"},
				"south": {"uv": [0, 0, 8, 1], "rotation": 180, "texture": "#1"},
				"west": {"uv": [0, 0, 4, 1], "rotation": 180, "texture": "#1"},
				"up": {"uv": [0, 0, 8, 4], "texture": "#1"},
				"down": {"uv": [0, 0, 8, 4], "texture": "#1"}
			}
		},
		{
			"from": [4.5, 6, 6.5],
			"to": [11.5, 10, 9.5],
			"faces": {
				"north": {"uv": [0, 0, 8, 1], "rotation": 180, "texture": "#1"},
				"east": {"uv": [0, 0, 4, 1], "rotation": 180, "texture": "#1"},
				"south": {"uv": [0, 0, 8, 1], "rotation": 180, "texture": "#1"},
				"west": {"uv": [0, 0, 4, 1], "rotation": 180, "texture": "#1"},
				"up": {"uv": [0, 0, 8, 4], "texture": "#1"},
				"down": {"uv": [0, 0, 8, 4], "texture": "#1"}
			}
		},
		{
			"from": [6.5, 6, 4.5],
			"to": [9.5, 10, 11.5],
			"faces": {
				"north": {"uv": [0, 0, 4, 1], "rotation": 180, "texture": "#1"},
				"east": {"uv": [0, 0, 8, 1], "rotation": 180, "texture": "#1"},
				"south": {"uv": [0, 0, 4, 1], "rotation": 180, "texture": "#1"},
				"west": {"uv": [0, 0, 8, 1], "rotation": 180, "texture": "#1"},
				"up": {"uv": [0, 0, 8, 4], "rotation": 90, "texture": "#1"},
				"down": {"uv": [0, 0, 8, 4], "rotation": 270, "texture": "#1"}
			}
		},
		{
			"from": [5, 6, 5.5],
			"to": [11, 10, 10.5],
			"faces": {
				"north": {"uv": [0, 0, 8, 1], "rotation": 180, "texture": "#1"},
				"east": {"uv": [0, 0, 4, 1], "rotation": 180, "texture": "#1"},
				"south": {"uv": [0, 0, 8, 1], "rotation": 180, "texture": "#1"},
				"west": {"uv": [0, 0, 4, 1], "rotation": 180, "texture": "#1"},
				"up": {"uv": [0, 0, 8, 4], "texture": "#1"},
				"down": {"uv": [0, 0, 8, 4], "texture": "#1"}
			}
		},
		{
			"from": [5.5, 6, 5],
			"to": [10.5, 10, 11],
			"faces": {
				"north": {"uv": [0, 0, 4, 1], "rotation": 180, "texture": "#1"},
				"east": {"uv": [0, 0, 8, 1], "rotation": 180, "texture": "#1"},
				"south": {"uv": [0, 0, 4, 1], "rotation": 180, "texture": "#1"},
				"west": {"uv": [0, 0, 8, 1], "rotation": 180, "texture": "#1"},
				"up": {"uv": [0, 0, 8, 4], "rotation": 90, "texture": "#1"},
				"down": {"uv": [0, 0, 8, 4], "rotation": 270, "texture": "#1"}
			}
		},
		{
			"from": [6, 6.5, 4.5],
			"to": [10, 9.5, 11.5],
			"faces": {
				"north": {"uv": [0, 0, 4, 1], "rotation": 180, "texture": "#1"},
				"east": {"uv": [0, 0, 8, 1], "rotation": 180, "texture": "#1"},
				"south": {"uv": [0, 0, 4, 1], "rotation": 180, "texture": "#1"},
				"west": {"uv": [0, 0, 8, 1], "rotation": 180, "texture": "#1"},
				"up": {"uv": [0, 0, 8, 4], "rotation": 90, "texture": "#1"},
				"down": {"uv": [0, 0, 8, 4], "rotation": 270, "texture": "#1"}
			}
		},
		{
			"from": [5, 7, 5],
			"to": [11, 9, 11],
			"faces": {
				"north": {"uv": [0, 0, 8, 1], "rotation": 180, "texture": "#1"},
				"east": {"uv": [0, 0, 4, 1], "rotation": 180, "texture": "#1"},
				"south": {"uv": [0, 0, 8, 1], "rotation": 180, "texture": "#1"},
				"west": {"uv": [0, 0, 4, 1], "rotation": 180, "texture": "#1"},
				"up": {"uv": [0, 0, 8, 4], "texture": "#1"},
				"down": {"uv": [0, 0, 8, 4], "texture": "#1"}
			}
		},
		{
			"from": [6.5, 7.5, 4],
			"to": [9.5, 8.5, 12],
			"faces": {
				"north": {"uv": [0, 0, 4, 1], "rotation": 180, "texture": "#1"},
				"east": {"uv": [0, 0, 8, 1], "rotation": 180, "texture": "#1"},
				"south": {"uv": [0, 0, 4, 1], "rotation": 180, "texture": "#1"},
				"west": {"uv": [0, 0, 8, 1], "rotation": 180, "texture": "#1"},
				"up": {"uv": [0, 0, 8, 4], "rotation": 90, "texture": "#1"},
				"down": {"uv": [0, 0, 8, 4], "rotation": 270, "texture": "#1"}
			}
		},
		{
			"from": [4.5, 7.5, 5.5],
			"to": [11.5, 8.5, 10.5],
			"faces": {
				"north": {"uv": [0, 0, 8, 1], "rotation": 180, "texture": "#1"},
				"east": {"uv": [0, 0, 4, 1], "rotation": 180, "texture": "#1"},
				"south": {"uv": [0, 0, 8, 1], "rotation": 180, "texture": "#1"},
				"west": {"uv": [0, 0, 4, 1], "rotation": 180, "texture": "#1"},
				"up": {"uv": [0, 0, 8, 4], "texture": "#1"},
				"down": {"uv": [0, 0, 8, 4], "texture": "#1"}
			}
		},
		{
			"from": [5.5, 7.5, 4.5],
			"to": [10.5, 8.5, 11.5],
			"faces": {
				"north": {"uv": [0, 0, 4, 1], "rotation": 180, "texture": "#1"},
				"east": {"uv": [0, 0, 8, 1], "rotation": 180, "texture": "#1"},
				"south": {"uv": [0, 0, 4, 1], "rotation": 180, "texture": "#1"},
				"west": {"uv": [0, 0, 8, 1], "rotation": 180, "texture": "#1"},
				"up": {"uv": [0, 0, 8, 4], "rotation": 90, "texture": "#1"},
				"down": {"uv": [0, 0, 8, 4], "rotation": 270, "texture": "#1"}
			}
		}
	],
	"display": {
		"thirdperson_righthand": {
			"scale": [-0.25, -0.25, -0.25]
		},
		"thirdperson_lefthand": {
			"scale": [0.25, 0.25, 0.25]
		},
		"firstperson_righthand": {
			"scale": [0.5, 0.5, 0.5]
		},
		"firstperson_lefthand": {
			"scale": [0.5, 0.5, 0.5]
		},
		"ground": {
			"scale": [0.5, 0.5, 0.5]
		},
		"gui": {
			"rotation": [45, -45, 45]
		},
		"head": {
			"translation": [0, -6.4, 0],
			"scale": [1.14286, 1.14286, 1.14286]
		}
	}
}