{
  "parent": "minecraft:item/handheld_rod",
  "textures": {
    "layer0": "minecraft:item/carrot_on_a_stick"
  },
  "overrides":[
	{"predicate":{"custom_model_data":99},"model":"item/cueball"},
	{"predicate":{"custom_model_data":101},"model":"item/red"},
	{"predicate":{"custom_model_data":102},"model":"item/yellow"},
	{"predicate":{"custom_model_data":103},"model":"item/green"},
	{"predicate":{"custom_model_data":104},"model":"item/brown"},
	{"predicate":{"custom_model_data":105},"model":"item/blue"},
	{"predicate":{"custom_model_data":106},"model":"item/pink"},
	{"predicate":{"custom_model_data":107},"model":"item/black"},
	{"predicate":{"custom_model_data":108},"model":"item/carrot_on_a_stick0"}
    ]
}