{
	"credit": "Made with Blockbench",
	"textures": {
		"0": "item/pool/cloth",
		"1": "item/pool/wood",
		"2": "item/pool/black",
		"4": "item/pool/wood_light",
		"particle": "item/pool/cloth"
	},
	"elements": [
		{
			"from": [0, 16, 7.84],
			"to": [0.83, 16.03, 11.84],
			"rotation": {"angle": 0, "axis": "y", "origin": [0, 16.015, 9.84]},
			"faces": {
				"north": {"uv": [0, 0, 0.83, 0.03], "texture": "#2"},
				"east": {"uv": [0, 0, 4, 0.03], "texture": "#2"},
				"south": {"uv": [0, 0, 0.83, 0.03], "texture": "#2"},
				"west": {"uv": [0, 0, 4, 0.03], "texture": "#2"},
				"up": {"uv": [0, 0, 0.83, 4], "rotation": 180, "texture": "#2"},
				"down": {"uv": [0, 0, 0.83, 4], "rotation": 180, "texture": "#2"}
			}
		},
		{
			"from": [-0.83, 16, 7.84],
			"to": [0.83, 16.03, 9.84],
			"rotation": {"angle": -22.5, "axis": "y", "origin": [0, 16.015, 12]},
			"faces": {
				"north": {"uv": [0, 0, 1.66, 0.03], "texture": "#2"},
				"east": {"uv": [0, 0, 2, 0.03], "texture": "#2"},
				"south": {"uv": [0, 0, 1.66, 0.03], "texture": "#2"},
				"west": {"uv": [0, 0, 2, 0.03], "texture": "#2"},
				"up": {"uv": [0, 0, 1.66, 2], "texture": "#2"},
				"down": {"uv": [0, 0, 1.66, 2], "texture": "#2"}
			}
		},
		{
			"from": [1.16, 16, 11.17],
			"to": [4.16, 16.03, 12.83],
			"rotation": {"angle": 45, "axis": "y", "origin": [0, 16.015, 12]},
			"faces": {
				"north": {"uv": [0, 0, 3, 0.03], "texture": "#2"},
				"east": {"uv": [0, 0, 1.66, 0.03], "texture": "#2"},
				"south": {"uv": [0, 0, 3, 0.03], "texture": "#2"},
				"west": {"uv": [0, 0, 1.66, 0.03], "texture": "#2"},
				"up": {"uv": [0, 0, 1.66, 3], "rotation": 90, "texture": "#2"},
				"down": {"uv": [0, 0, 1.66, 3], "rotation": 270, "texture": "#2"}
			}
		},
		{
			"from": [1.16, 16, 11.17],
			"to": [4.16, 16.03, 12.83],
			"rotation": {"angle": 22.5, "axis": "y", "origin": [0, 16.015, 12]},
			"faces": {
				"north": {"uv": [0, 0, 3, 0.03], "texture": "#2"},
				"east": {"uv": [0, 0, 1.66, 0.03], "texture": "#2"},
				"south": {"uv": [0, 0, 3, 0.03], "texture": "#2"},
				"west": {"uv": [0, 0, 1.66, 0.03], "texture": "#2"},
				"up": {"uv": [0, 0, 1.66, 3], "rotation": 90, "texture": "#2"},
				"down": {"uv": [0, 0, 1.66, 3], "rotation": 270, "texture": "#2"}
			}
		},
		{
			"from": [0, 16, 11.17],
			"to": [4, 16.03, 15.17],
			"rotation": {"angle": 0, "axis": "y", "origin": [0, 16.015, 13.17]},
			"faces": {
				"north": {"uv": [0, 0, 4, 0.03], "texture": "#2"},
				"east": {"uv": [0, 0, 4, 0.03], "texture": "#2"},
				"south": {"uv": [0, 0, 4, 0.03], "texture": "#2"},
				"west": {"uv": [0, 0, 4, 0.03], "texture": "#2"},
				"up": {"uv": [0, 0, 4, 4], "rotation": 90, "texture": "#2"},
				"down": {"uv": [0, 0, 4, 4], "rotation": 270, "texture": "#2"}
			}
		},
		{
			"from": [6.95, 16, 8],
			"to": [8.73, 19, 10],
			"rotation": {"angle": 0, "axis": "y", "origin": [0, 17.5, 9]},
			"faces": {
				"north": {"uv": [0, 0, 1.78, 3], "texture": "#0"},
				"east": {"uv": [0, 0, 2, 3], "texture": "#0"},
				"south": {"uv": [0, 0, 1.78, 3], "texture": "#0"},
				"west": {"uv": [0, 0, 2, 3], "texture": "#0"},
				"up": {"uv": [0, 0, 1.78, 2], "rotation": 180, "texture": "#0"},
				"down": {"uv": [0, 0, 1.78, 2], "rotation": 180, "texture": "#0"}
			}
		},
		{
			"from": [7.22, 16, 8],
			"to": [16, 19, 12],
			"rotation": {"angle": 0, "axis": "y", "origin": [0, 17.5, 10]},
			"faces": {
				"north": {"uv": [0, 0, 8.78, 3], "texture": "#0"},
				"east": {"uv": [0, 0, 4, 3], "texture": "#0"},
				"south": {"uv": [0, 0, 8.78, 3], "texture": "#0"},
				"west": {"uv": [0, 0, 4, 3], "texture": "#0"},
				"up": {"uv": [0, 0, 8.78, 4], "rotation": 180, "texture": "#0"},
				"down": {"uv": [0, 0, 8.78, 4], "rotation": 180, "texture": "#0"}
			}
		},
		{
			"from": [5.22, 16, 10],
			"to": [8, 19, 12],
			"rotation": {"angle": 0, "axis": "y", "origin": [0, 17.5, 11]},
			"faces": {
				"north": {"uv": [0, 0, 2.78, 3], "texture": "#0"},
				"east": {"uv": [0, 0, 2, 3], "texture": "#0"},
				"south": {"uv": [0, 0, 2.78, 3], "texture": "#0"},
				"west": {"uv": [0, 0, 2, 3], "texture": "#0"},
				"up": {"uv": [0, 0, 2.78, 2], "rotation": 180, "texture": "#0"},
				"down": {"uv": [0, 0, 2.78, 2], "rotation": 180, "texture": "#0"}
			}
		},
		{
			"from": [5.61826, 16, 8.2649],
			"to": [7.39826, 19, 10.2649],
			"rotation": {"angle": 22.5, "axis": "y", "origin": [6.50826, 17.5, 9.2649]},
			"faces": {
				"north": {"uv": [0, 0, 1.78, 3], "texture": "#0"},
				"east": {"uv": [0, 0, 2, 3], "texture": "#0"},
				"south": {"uv": [0, 0, 1.78, 3], "texture": "#0"},
				"west": {"uv": [0, 0, 2, 3], "texture": "#0"},
				"up": {"uv": [0, 0, 1.78, 2], "rotation": 180, "texture": "#0"},
				"down": {"uv": [0, 0, 1.78, 2], "rotation": 180, "texture": "#0"}
			}
		},
		{
			"from": [4.37927, 16, 9.12927],
			"to": [6.37927, 19, 10.90927],
			"rotation": {"angle": -45, "axis": "y", "origin": [5.37927, 17.5, 10.01927]},
			"faces": {
				"north": {"uv": [0, 0, 2, 3], "texture": "#0"},
				"east": {"uv": [0, 0, 1.78, 3], "texture": "#0"},
				"south": {"uv": [0, 0, 2, 3], "texture": "#0"},
				"west": {"uv": [0, 0, 1.78, 3], "texture": "#0"},
				"up": {"uv": [0, 0, 1.78, 2], "rotation": 270, "texture": "#0"},
				"down": {"uv": [0, 0, 1.78, 2], "rotation": 90, "texture": "#0"}
			}
		},
		{
			"from": [3.6249, 16, 10.25826],
			"to": [5.6249, 19, 12.03826],
			"rotation": {"angle": -22.5, "axis": "y", "origin": [4.6249, 17.5, 11.14826]},
			"faces": {
				"north": {"uv": [0, 0, 2, 3], "texture": "#0"},
				"east": {"uv": [0, 0, 1.78, 3], "texture": "#0"},
				"south": {"uv": [0, 0, 2, 3], "texture": "#0"},
				"west": {"uv": [0, 0, 1.78, 3], "texture": "#0"},
				"up": {"uv": [0, 0, 1.78, 2], "rotation": 270, "texture": "#0"},
				"down": {"uv": [0, 0, 1.78, 2], "rotation": 90, "texture": "#0"}
			}
		},
		{
			"from": [3.36, 16, 11.59],
			"to": [5.36, 19, 12.83],
			"rotation": {"angle": 0, "axis": "y", "origin": [0, 17.5, 12.21]},
			"faces": {
				"north": {"uv": [0, 0, 2, 3], "texture": "#0"},
				"east": {"uv": [0, 0, 1.24, 3], "texture": "#0"},
				"south": {"uv": [0, 0, 2, 3], "texture": "#0"},
				"west": {"uv": [0, 0, 1.24, 3], "texture": "#0"},
				"up": {"uv": [0, 0, 1.24, 2], "rotation": 270, "texture": "#0"},
				"down": {"uv": [0, 0, 1.24, 2], "rotation": 90, "texture": "#0"}
			}
		},
		{
			"from": [3.5, 16, 12],
			"to": [16, 19.02, 16],
			"rotation": {"angle": 0, "axis": "y", "origin": [0, 17.51, 14]},
			"faces": {
				"north": {"uv": [0, 0, 12.5, 3.02], "texture": "#1"},
				"east": {"uv": [0, 0, 4, 3.02], "texture": "#1"},
				"south": {"uv": [0, 0, 12.5, 3.02], "texture": "#1"},
				"west": {"uv": [0, 0, 4, 3.02], "texture": "#1"},
				"up": {"uv": [0, 0, 12.5, 4], "rotation": 180, "texture": "#1"},
				"down": {"uv": [0, 0, 12.5, 4], "rotation": 180, "texture": "#1"}
			}
		},
		{
			"from": [0, 16, 14.8],
			"to": [4, 19, 15.9],
			"rotation": {"angle": 0, "axis": "y", "origin": [0, 17.5, 15.35]},
			"faces": {
				"north": {"uv": [0, 0, 4, 3], "texture": "#4"},
				"east": {"uv": [0, 0, 1.1, 3], "texture": "#4"},
				"south": {"uv": [0, 0, 4, 3], "texture": "#4"},
				"west": {"uv": [0, 0, 1.1, 3], "texture": "#4"},
				"up": {"uv": [0, 0, 4, 1.1], "rotation": 180, "texture": "#4"},
				"down": {"uv": [0, 0, 4, 1.1], "rotation": 180, "texture": "#4"}
			}
		},
		{
			"from": [-1, 16, 14.8],
			"to": [1, 19, 15.8],
			"rotation": {"angle": 22.5, "axis": "y", "origin": [0, 17.5, 11]},
			"faces": {
				"north": {"uv": [0, 0, 2, 3], "texture": "#4"},
				"east": {"uv": [0, 0, 1, 3], "texture": "#4"},
				"south": {"uv": [0, 0, 2, 3], "texture": "#4"},
				"west": {"uv": [0, 0, 1, 3], "texture": "#4"},
				"up": {"uv": [0, 0, 2, 1], "texture": "#4"},
				"down": {"uv": [0, 0, 2, 1], "texture": "#4"}
			}
		},
		{
			"from": [-1, 16, 14.8],
			"to": [1, 19, 16.8],
			"rotation": {"angle": 45, "axis": "y", "origin": [0, 17.5, 11]},
			"faces": {
				"north": {"uv": [0, 0, 2, 3], "texture": "#4"},
				"east": {"uv": [0, 0, 2, 3], "texture": "#4"},
				"south": {"uv": [0, 0, 2, 3], "texture": "#4"},
				"west": {"uv": [0, 0, 2, 3], "texture": "#4"},
				"up": {"uv": [0, 0, 2, 2], "texture": "#4"},
				"down": {"uv": [0, 0, 2, 2], "texture": "#4"}
			}
		},
		{
			"from": [3.22627, 16, 13.00231],
			"to": [4.22627, 19, 13.50231],
			"rotation": {"angle": -22.5, "axis": "y", "origin": [3.72627, 17.5, 13.25231]},
			"faces": {
				"north": {"uv": [0, 0, 1, 3], "texture": "#4"},
				"east": {"uv": [0, 0, 0.5, 3], "texture": "#4"},
				"south": {"uv": [0, 0, 1, 3], "texture": "#4"},
				"west": {"uv": [0, 0, 0.5, 3], "texture": "#4"},
				"up": {"uv": [0, 0, 0.5, 1], "rotation": 270, "texture": "#4"},
				"down": {"uv": [0, 0, 0.5, 1], "rotation": 90, "texture": "#4"}
			}
		},
		{
			"from": [3.36, 16, 12.83],
			"to": [4.36, 19, 13.33],
			"rotation": {"angle": 0, "axis": "y", "origin": [0, 17.5, 13.08]},
			"faces": {
				"north": {"uv": [0, 0, 1, 3], "texture": "#4"},
				"east": {"uv": [0, 0, 0.5, 3], "texture": "#4"},
				"south": {"uv": [0, 0, 1, 3], "texture": "#4"},
				"west": {"uv": [0, 0, 0.5, 3], "texture": "#4"},
				"up": {"uv": [0, 0, 0.5, 1], "rotation": 270, "texture": "#4"},
				"down": {"uv": [0, 0, 0.5, 1], "rotation": 90, "texture": "#4"}
			}
		},
		{
			"from": [0, 16, 0],
			"to": [16, 16.02, 11],
			"rotation": {"angle": 0, "axis": "y", "origin": [-8, 8, 8]},
			"faces": {
				"north": {"uv": [0, 0, 16, 0.02], "texture": "#0"},
				"east": {"uv": [0, 0, 11, 0.02], "texture": "#0"},
				"south": {"uv": [0, 0, 16, 0.02], "texture": "#0"},
				"west": {"uv": [0, 0, 11, 0.02], "texture": "#0"},
				"up": {"uv": [0, 0, 16, 11], "texture": "#0"},
				"down": {"uv": [0, 0, 16, 11], "texture": "#0"}
			}
		}
	],
	"display": {
		"thirdperson_righthand": {
			"rotation": [90, 0, 0],
			"translation": [0, 0, -16]
		},
		"thirdperson_lefthand": {
			"rotation": [90, 0, 0],
			"translation": [0, 0, -16]
		},
		"firstperson_righthand": {
			"translation": [0, -8, 0]
		},
		"firstperson_lefthand": {
			"translation": [0, -8, 0]
		},
		"ground": {
			"translation": [0, -19.5, 0]
		},
		"gui": {
			"rotation": [90, 0, 0]
		},
		"head": {
			"translation": [0, 14.5, 0]
		},
		"fixed": {
			"rotation": [-90, -90, 0],
			"translation": [0, 0, -16],
			"scale": [2, 2, 2]
		}
	},
	"groups": [
		{
			"name": "new",
			"origin": [8, 8, 8],
			"children": [0, 1, 2, 3, 4, 5, 6, 7, 8, 9, 10, 11, 12, 13, 14, 15, 16, 17, 18]
		}
	]
}