{
	"credit": "Made with Blockbench",
	"textures": {
		"0": "item/pool/cloth",
		"particle": "item/pool/cloth"
	},
	"elements": [
		{
			"from": [0, 16, 0],
			"to": [16, 16.02, 16],
			"faces": {
				"north": {"uv": [0, 0, 16, 0.02], "texture": "#0"},
				"east": {"uv": [0, 0, 8, 0.02], "texture": "#0"},
				"south": {"uv": [0, 0, 16, 0.02], "texture": "#0"},
				"west": {"uv": [0, 0, 8, 0.02], "texture": "#0"},
				"up": {"uv": [0, 0, 8, 16], "rotation": 270, "texture": "#0"},
				"down": {"uv": [0, 0, 8, 16], "rotation": 90, "texture": "#0"}
			}
		}
	],
	"display": {
		"thirdperson_righthand": {
			"rotation": [90, 0, 0],
			"translation": [0, 0, -16]
		},
		"thirdperson_lefthand": {
			"rotation": [90, 0, 0],
			"translation": [0, 0, -16]
		},
		"firstperson_righthand": {
			"translation": [0, -8, 0]
		},
		"firstperson_lefthand": {
			"translation": [0, -8, 0]
		},
		"ground": {
			"translation": [0, -19.5, 0]
		},
		"gui": {
			"rotation": [90, 0, 0]
		},
		"head": {
			"translation": [0, 14.5, 0]
		},
		"fixed": {
			"rotation": [-90, -90, 0],
			"translation": [0, 0, -16],
			"scale": [2, 2, 2]
		}
	}
}