{
	"credit": "Made with Blockbench",
	"textures": {
		"0": "item/pool/cloth",
		"1": "item/pool/wood",
		"2": "item/pool/black",
		"4": "item/pool/wood_light",
		"particle": "item/pool/cloth"
	},
	"elements": [
		{
			"from": [10.36, 16, 4.75],
			"to": [13.16, 16.03, 13.75],
			"rotation": {"angle": 45, "axis": "y", "origin": [11.76, 16.005, 11.76]},
			"faces": {
				"north": {"uv": [0, 0, 2.8, 0.03], "texture": "#2"},
				"east": {"uv": [0, 0, 9, 0.03], "texture": "#2"},
				"south": {"uv": [0, 0, 2.8, 0.03], "texture": "#2"},
				"west": {"uv": [0, 0, 9, 0.03], "texture": "#2"},
				"up": {"uv": [0, 0, 2.8, 9], "texture": "#2"},
				"down": {"uv": [0, 0, 2.8, 9], "texture": "#2"}
			}
		},
		{
			"from": [7.86, 16, 7.2],
			"to": [15.66, 16.03, 13.2],
			"rotation": {"angle": 45, "axis": "y", "origin": [11.76, 16.005, 11.76]},
			"faces": {
				"north": {"uv": [0, 0, 7.8, 0.03], "texture": "#2"},
				"east": {"uv": [0, 0, 6, 0.03], "texture": "#2"},
				"south": {"uv": [0, 0, 7.8, 0.03], "texture": "#2"},
				"west": {"uv": [0, 0, 6, 0.03], "texture": "#2"},
				"up": {"uv": [0, 0, 7.8, 6], "texture": "#2"},
				"down": {"uv": [0, 0, 7.8, 6], "texture": "#2"}
			}
		},
		{
			"from": [4.75, 16, 10.36],
			"to": [10.75, 16.03, 13.16],
			"rotation": {"angle": -22.5, "axis": "y", "origin": [11.76, 16.005, 11.76]},
			"faces": {
				"north": {"uv": [0, 0, 6, 0.03], "texture": "#2"},
				"east": {"uv": [0, 0, 2.8, 0.03], "texture": "#2"},
				"south": {"uv": [0, 0, 6, 0.03], "texture": "#2"},
				"west": {"uv": [0, 0, 2.8, 0.03], "texture": "#2"},
				"up": {"uv": [0, 0, 2.8, 6], "rotation": 270, "texture": "#2"},
				"down": {"uv": [0, 0, 2.8, 6], "rotation": 90, "texture": "#2"}
			}
		},
		{
			"from": [10.36, 16, 4.75],
			"to": [13.16, 16.03, 10.75],
			"rotation": {"angle": 22.5, "axis": "y", "origin": [11.76, 16.005, 11.76]},
			"faces": {
				"north": {"uv": [0, 0, 2.8, 0.03], "texture": "#2"},
				"east": {"uv": [0, 0, 6, 0.03], "texture": "#2"},
				"south": {"uv": [0, 0, 2.8, 0.03], "texture": "#2"},
				"west": {"uv": [0, 0, 6, 0.03], "texture": "#2"},
				"up": {"uv": [0, 0, 2.8, 6], "texture": "#2"},
				"down": {"uv": [0, 0, 2.8, 6], "texture": "#2"}
			}
		},
		{
			"from": [8, 16, 0],
			"to": [10, 19, 2.14],
			"rotation": {"angle": 0, "axis": "y", "origin": [13.92, 17.51, 0.96]},
			"faces": {
				"north": {"uv": [0, 0, 2, 3], "texture": "#0"},
				"east": {"uv": [0, 0, 2.14, 3], "texture": "#0"},
				"south": {"uv": [0, 0, 2, 3], "texture": "#0"},
				"west": {"uv": [0, 0, 2.14, 3], "texture": "#0"},
				"up": {"uv": [0, 0, 2, 2.14], "texture": "#0"},
				"down": {"uv": [0, 0, 2, 2.14], "texture": "#0"}
			}
		},
		{
			"from": [10, 16, 0],
			"to": [13, 19, 5.36],
			"rotation": {"angle": 0, "axis": "y", "origin": [13.92, 17.51, 0.96]},
			"faces": {
				"north": {"uv": [0, 0, 3, 3], "texture": "#0"},
				"east": {"uv": [0, 0, 5.36, 3], "texture": "#0"},
				"south": {"uv": [0, 0, 3, 3], "texture": "#0"},
				"west": {"uv": [0, 0, 5.36, 3], "texture": "#0"},
				"up": {"uv": [0, 0, 3, 5.36], "texture": "#0"},
				"down": {"uv": [0, 0, 3, 5.36], "texture": "#0"}
			}
		},
		{
			"from": [0, 16, 8],
			"to": [2.14, 19, 10],
			"rotation": {"angle": 0, "axis": "y", "origin": [0.96, 17.51, 13.92]},
			"faces": {
				"north": {"uv": [0, 0, 2.14, 3], "texture": "#0"},
				"east": {"uv": [0, 0, 2, 3], "texture": "#0"},
				"south": {"uv": [0, 0, 2.14, 3], "texture": "#0"},
				"west": {"uv": [0, 0, 2, 3], "texture": "#0"},
				"up": {"uv": [0, 0, 2.14, 2], "texture": "#0"},
				"down": {"uv": [0, 0, 2.14, 2], "texture": "#0"}
			}
		},
		{
			"from": [0, 16, 10],
			"to": [5.36, 19, 13],
			"rotation": {"angle": 0, "axis": "y", "origin": [0.96, 17.51, 13.92]},
			"faces": {
				"north": {"uv": [0, 0, 5.36, 3], "texture": "#0"},
				"east": {"uv": [0, 0, 3, 3], "texture": "#0"},
				"south": {"uv": [0, 0, 5.36, 3], "texture": "#0"},
				"west": {"uv": [0, 0, 3, 3], "texture": "#0"},
				"up": {"uv": [0, 0, 5.36, 3], "texture": "#0"},
				"down": {"uv": [0, 0, 5.36, 3], "texture": "#0"}
			}
		},
		{
			"from": [-0.22, 16, 8],
			"to": [2.14, 19, 10],
			"rotation": {"angle": -22.5, "axis": "y", "origin": [0.96, 17.51, 13.92]},
			"faces": {
				"north": {"uv": [0, 0, 2.36, 3], "texture": "#0"},
				"east": {"uv": [0, 0, 2, 3], "texture": "#0"},
				"south": {"uv": [0, 0, 2.36, 3], "texture": "#0"},
				"west": {"uv": [0, 0, 2, 3], "texture": "#0"},
				"up": {"uv": [0, 0, 2.36, 2], "texture": "#0"},
				"down": {"uv": [0, 0, 2.36, 2], "texture": "#0"}
			}
		},
		{
			"from": [-0.22, 16, 8],
			"to": [5, 19, 10],
			"rotation": {"angle": -45, "axis": "y", "origin": [0.96, 17.51, 13.92]},
			"faces": {
				"north": {"uv": [0, 0, 5.22, 3], "texture": "#0"},
				"east": {"uv": [0, 0, 2, 3], "texture": "#0"},
				"south": {"uv": [0, 0, 5.22, 3], "texture": "#0"},
				"west": {"uv": [0, 0, 2, 3], "texture": "#0"},
				"up": {"uv": [0, 0, 5.22, 2], "texture": "#0"},
				"down": {"uv": [0, 0, 5.22, 2], "texture": "#0"}
			}
		},
		{
			"from": [8, 16, -0.22],
			"to": [10, 19, 2.14],
			"rotation": {"angle": 22.5, "axis": "y", "origin": [13.92, 17.51, 0.96]},
			"faces": {
				"north": {"uv": [0, 0, 2, 3], "texture": "#0"},
				"east": {"uv": [0, 0, 2.36, 3], "texture": "#0"},
				"south": {"uv": [0, 0, 2, 3], "texture": "#0"},
				"west": {"uv": [0, 0, 2.36, 3], "texture": "#0"},
				"up": {"uv": [0, 0, 2, 2.36], "texture": "#0"},
				"down": {"uv": [0, 0, 2, 2.36], "texture": "#0"}
			}
		},
		{
			"from": [8, 16, -0.22],
			"to": [10, 19, 5],
			"rotation": {"angle": 45, "axis": "y", "origin": [13.92, 17.51, 0.96]},
			"faces": {
				"north": {"uv": [0, 0, 2, 3], "texture": "#0"},
				"east": {"uv": [0, 0, 5.22, 3], "texture": "#0"},
				"south": {"uv": [0, 0, 2, 3], "texture": "#0"},
				"west": {"uv": [0, 0, 5.22, 3], "texture": "#0"},
				"up": {"uv": [0, 0, 2, 5.22], "texture": "#0"},
				"down": {"uv": [0, 0, 2, 5.22], "texture": "#0"}
			}
		},
		{
			"from": [13.8764, 16, 10.2827],
			"to": [14.8764, 19, 11.3827],
			"rotation": {"angle": 45, "axis": "y", "origin": [10.33143, 17.48, 10.3327]},
			"faces": {
				"north": {"uv": [0, 0, 1, 3], "texture": "#4"},
				"east": {"uv": [0, 0, 1.1, 3], "texture": "#4"},
				"south": {"uv": [0, 0, 1, 3], "texture": "#4"},
				"west": {"uv": [0, 0, 1.1, 3], "texture": "#4"},
				"up": {"uv": [0, 0, 1.1, 1], "rotation": 270, "texture": "#4"},
				"down": {"uv": [0, 0, 1.1, 1], "rotation": 90, "texture": "#4"}
			}
		},
		{
			"from": [13.78076, 16, 9.19913],
			"to": [14.78076, 19.02, 10.60913],
			"rotation": {"angle": 45, "axis": "y", "origin": [10.23579, 17.48, 10.24913]},
			"faces": {
				"north": {"uv": [0, 0, 1, 3.02], "texture": "#1"},
				"east": {"uv": [0, 0, 1.41, 3.02], "texture": "#1"},
				"south": {"uv": [0, 0, 1, 3.02], "texture": "#1"},
				"west": {"uv": [0, 0, 1.41, 3.02], "texture": "#1"},
				"up": {"uv": [0, 0, 1.41, 1], "rotation": 270, "texture": "#1"},
				"down": {"uv": [0, 0, 1.41, 1], "rotation": 90, "texture": "#1"}
			}
		},
		{
			"from": [13.845, 16, 9.25],
			"to": [15.545, 19, 11.35],
			"rotation": {"angle": 22.5, "axis": "y", "origin": [10.3, 17.51, 10.3]},
			"faces": {
				"north": {"uv": [0, 0, 1.7, 3], "texture": "#4"},
				"east": {"uv": [0, 0, 2.1, 3], "texture": "#4"},
				"south": {"uv": [0, 0, 1.7, 3], "texture": "#4"},
				"west": {"uv": [0, 0, 2.1, 3], "texture": "#4"},
				"up": {"uv": [0, 0, 2.1, 1.7], "rotation": 270, "texture": "#4"},
				"down": {"uv": [0, 0, 2.1, 1.7], "rotation": 90, "texture": "#4"}
			}
		},
		{
			"from": [13.845, 16, 7.25],
			"to": [15.545, 19, 11.35],
			"rotation": {"angle": 0, "axis": "y", "origin": [10.3, 17.51, 10.3]},
			"faces": {
				"north": {"uv": [0, 0, 1.7, 3], "texture": "#4"},
				"east": {"uv": [0, 0, 4.1, 3], "texture": "#4"},
				"south": {"uv": [0, 0, 1.7, 3], "texture": "#4"},
				"west": {"uv": [0, 0, 4.1, 3], "texture": "#4"},
				"up": {"uv": [0, 0, 4.1, 1.7], "rotation": 270, "texture": "#4"},
				"down": {"uv": [0, 0, 4.1, 1.7], "rotation": 90, "texture": "#4"}
			}
		},
		{
			"from": [13.845, 16, 9.25],
			"to": [15.545, 19, 11.35],
			"rotation": {"angle": -22.5, "axis": "y", "origin": [10.3, 17.51, 10.3]},
			"faces": {
				"north": {"uv": [0, 0, 1.7, 3], "texture": "#4"},
				"east": {"uv": [0, 0, 2.1, 3], "texture": "#4"},
				"south": {"uv": [0, 0, 1.7, 3], "texture": "#4"},
				"west": {"uv": [0, 0, 2.1, 3], "texture": "#4"},
				"up": {"uv": [0, 0, 2.1, 1.7], "rotation": 270, "texture": "#4"},
				"down": {"uv": [0, 0, 2.1, 1.7], "rotation": 90, "texture": "#4"}
			}
		},
		{
			"from": [13.845, 16, 9.25],
			"to": [15.545, 19, 11.35],
			"rotation": {"angle": -45, "axis": "y", "origin": [10.3, 17.51, 10.3]},
			"faces": {
				"north": {"uv": [0, 0, 1.7, 3], "texture": "#4"},
				"east": {"uv": [0, 0, 2.1, 3], "texture": "#4"},
				"south": {"uv": [0, 0, 1.7, 3], "texture": "#4"},
				"west": {"uv": [0, 0, 2.1, 3], "texture": "#4"},
				"up": {"uv": [0, 0, 2.1, 1.7], "rotation": 270, "texture": "#4"},
				"down": {"uv": [0, 0, 2.1, 1.7], "rotation": 90, "texture": "#4"}
			}
		},
		{
			"from": [9.25, 16, 13.845],
			"to": [11.35, 19, 15.545],
			"rotation": {"angle": 22.5, "axis": "y", "origin": [10.3, 17.51, 10.3]},
			"faces": {
				"north": {"uv": [0, 0, 2.1, 3], "texture": "#4"},
				"east": {"uv": [0, 0, 1.7, 3], "texture": "#4"},
				"south": {"uv": [0, 0, 2.1, 3], "texture": "#4"},
				"west": {"uv": [0, 0, 1.7, 3], "texture": "#4"},
				"up": {"uv": [0, 0, 2.1, 1.7], "texture": "#4"},
				"down": {"uv": [0, 0, 2.1, 1.7], "texture": "#4"}
			}
		},
		{
			"from": [0, 16, 0],
			"to": [10, 16.02, 10],
			"rotation": {"angle": 0, "axis": "y", "origin": [8, -24, 8]},
			"faces": {
				"north": {"uv": [0, 0, 16, 0.02], "texture": "#0"},
				"east": {"uv": [0, 0, 8, 0.02], "texture": "#0"},
				"south": {"uv": [0, 0, 16, 0.02], "texture": "#0"},
				"west": {"uv": [0, 0, 8, 0.02], "texture": "#0"},
				"up": {"uv": [0, 0, 8, 16], "rotation": 270, "texture": "#0"},
				"down": {"uv": [0, 0, 8, 16], "rotation": 90, "texture": "#0"}
			}
		},
		{
			"from": [7.25, 16, 13.845],
			"to": [11.35, 19, 15.545],
			"rotation": {"angle": 0, "axis": "y", "origin": [10.3, 17.51, 10.3]},
			"faces": {
				"north": {"uv": [0, 0, 4.1, 3], "texture": "#4"},
				"east": {"uv": [0, 0, 1.7, 3], "texture": "#4"},
				"south": {"uv": [0, 0, 4.1, 3], "texture": "#4"},
				"west": {"uv": [0, 0, 1.7, 3], "texture": "#4"},
				"up": {"uv": [0, 0, 4.1, 1.7], "texture": "#4"},
				"down": {"uv": [0, 0, 4.1, 1.7], "texture": "#4"}
			}
		},
		{
			"from": [9.25, 16, 13.845],
			"to": [11.35, 19, 15.545],
			"rotation": {"angle": -22.5, "axis": "y", "origin": [10.3, 17.51, 10.3]},
			"faces": {
				"north": {"uv": [0, 0, 2.1, 3], "texture": "#4"},
				"east": {"uv": [0, 0, 1.7, 3], "texture": "#4"},
				"south": {"uv": [0, 0, 2.1, 3], "texture": "#4"},
				"west": {"uv": [0, 0, 1.7, 3], "texture": "#4"},
				"up": {"uv": [0, 0, 2.1, 1.7], "texture": "#4"},
				"down": {"uv": [0, 0, 2.1, 1.7], "texture": "#4"}
			}
		},
		{
			"from": [9.98981, 16, 14.5835],
			"to": [10.98981, 19, 15.5835],
			"rotation": {"angle": -45, "axis": "y", "origin": [11.03981, 17.48, 11.03854]},
			"faces": {
				"north": {"uv": [0, 0, 1, 3], "texture": "#4"},
				"east": {"uv": [0, 0, 1, 3], "texture": "#4"},
				"south": {"uv": [0, 0, 1, 3], "texture": "#4"},
				"west": {"uv": [0, 0, 1, 3], "texture": "#4"},
				"up": {"uv": [0, 0, 1, 1], "texture": "#4"},
				"down": {"uv": [0, 0, 1, 1], "texture": "#4"}
			}
		},
		{
			"from": [8.90623, 16, 14.48786],
			"to": [10.31623, 19.02, 15.48786],
			"rotation": {"angle": -45, "axis": "y", "origin": [10.95623, 17.48, 10.9429]},
			"faces": {
				"north": {"uv": [0, 0, 1.41, 3.02], "texture": "#1"},
				"east": {"uv": [0, 0, 1, 3.02], "texture": "#1"},
				"south": {"uv": [0, 0, 1.41, 3.02], "texture": "#1"},
				"west": {"uv": [0, 0, 1, 3.02], "texture": "#1"},
				"up": {"uv": [0, 0, 1.41, 1], "texture": "#1"},
				"down": {"uv": [0, 0, 1.41, 1], "texture": "#1"}
			}
		},
		{
			"from": [12, 16, 0],
			"to": [16, 19.02, 7],
			"rotation": {"angle": 0, "axis": "y", "origin": [7.59064, 8, 8.00278]},
			"faces": {
				"north": {"uv": [0, 0, 4, 3.02], "texture": "#1"},
				"east": {"uv": [0, 0, 7, 3.02], "texture": "#1"},
				"south": {"uv": [0, 0, 4, 3.02], "texture": "#1"},
				"west": {"uv": [0, 0, 7, 3.02], "texture": "#1"},
				"up": {"uv": [0, 0, 4, 7], "texture": "#1"},
				"down": {"uv": [0, 0, 4, 7], "texture": "#1"}
			}
		},
		{
			"from": [13, 16, 7],
			"to": [16, 19.02, 8],
			"rotation": {"angle": 0, "axis": "y", "origin": [7.59064, 8, 8.00278]},
			"faces": {
				"north": {"uv": [0, 0, 3, 3.02], "texture": "#1"},
				"east": {"uv": [0, 0, 1, 3.02], "texture": "#1"},
				"south": {"uv": [0, 0, 3, 3.02], "texture": "#1"},
				"west": {"uv": [0, 0, 1, 3.02], "texture": "#1"},
				"up": {"uv": [0, 0, 3, 1], "texture": "#1"},
				"down": {"uv": [0, 0, 3, 1], "texture": "#1"}
			}
		},
		{
			"from": [0, 16, 12],
			"to": [7, 19.02, 16],
			"rotation": {"angle": 0, "axis": "y", "origin": [7.59064, 8, 8.00278]},
			"faces": {
				"north": {"uv": [0, 0, 7, 3.02], "texture": "#1"},
				"east": {"uv": [0, 0, 4, 3.02], "texture": "#1"},
				"south": {"uv": [0, 0, 7, 3.02], "texture": "#1"},
				"west": {"uv": [0, 0, 4, 3.02], "texture": "#1"},
				"up": {"uv": [0, 0, 7, 4], "texture": "#1"},
				"down": {"uv": [0, 0, 7, 4], "texture": "#1"}
			}
		},
		{
			"from": [7, 16, 13],
			"to": [8, 19.02, 16],
			"rotation": {"angle": 0, "axis": "y", "origin": [7.59064, 8, 8.00278]},
			"faces": {
				"north": {"uv": [0, 0, 1, 3.02], "texture": "#1"},
				"east": {"uv": [0, 0, 3, 3.02], "texture": "#1"},
				"south": {"uv": [0, 0, 1, 3.02], "texture": "#1"},
				"west": {"uv": [0, 0, 3, 3.02], "texture": "#1"},
				"up": {"uv": [0, 0, 1, 3], "texture": "#1"},
				"down": {"uv": [0, 0, 1, 3], "texture": "#1"}
			}
		}
	],
	"display": {
		"thirdperson_righthand": {
			"rotation": [90, 0, 0],
			"translation": [0, 0, -16]
		},
		"thirdperson_lefthand": {
			"rotation": [90, 0, 0],
			"translation": [0, 0, -16]
		},
		"firstperson_righthand": {
			"translation": [0, -8, 0]
		},
		"firstperson_lefthand": {
			"translation": [0, -8, 0]
		},
		"ground": {
			"translation": [0, -19.5, 0]
		},
		"gui": {
			"rotation": [90, 0, 0]
		},
		"head": {
			"translation": [0, 14.5, 0]
		},
		"fixed": {
			"rotation": [-90, -90, 0],
			"translation": [0, 0, -16],
			"scale": [2, 2, 2]
		}
	},
	"groups": [
		{
			"name": "new",
			"origin": [8, 8, 8],
			"children": [0, 1, 2, 3, 4, 5, 6, 7, 8, 9, 10, 11, 12, 13, 14, 15, 16, 17, 18, 19, 20, 21, 22, 23, 24, 25, 26, 27]
		}
	]
}