{
	"credit": "Made with Blockbench",
	"textures": {
		"1": "item/pool/brown",
		"2": "item/pool/cueball",
		"3": "item/pool/wood",
		"5": "item/pool/blue",
		"particle": "item/pool/black"
	},
	"elements": [
		{
			"from": [7.6, 7.1, 9.1],
			"to": [8.4, 7.9, 17.9],
			"rotation": {"angle": 0, "axis": "y", "origin": [15, 8, 7]},
			"faces": {
				"north": {"uv": [0, 0, 1, 1], "texture": "#1"},
				"east": {"uv": [0, 0, 15, 16], "texture": "#1"},
				"south": {"uv": [0, 0, 1, 1], "texture": "#1"},
				"west": {"uv": [0, 0, 16, 1], "texture": "#1"},
				"up": {"uv": [0, 0, 1, 16], "texture": "#1"},
				"down": {"uv": [0, 0, 1, 16], "texture": "#1"}
			}
		},
		{
			"from": [7.7, 7.2, 24.2],
			"to": [8.3, 7.8, 31.3],
			"rotation": {"angle": 0, "axis": "y", "origin": [15, 8, 28]},
			"faces": {
				"north": {"uv": [0, 0, 1, 1], "texture": "#2"},
				"east": {"uv": [0, 0, 15, 16], "texture": "#2"},
				"south": {"uv": [0, 0, 1, 1], "texture": "#2"},
				"west": {"uv": [0, 0, 16, 1], "texture": "#2"},
				"up": {"uv": [0, 0, 1, 16], "texture": "#2"},
				"down": {"uv": [0, 0, 1, 16], "texture": "#2"}
			}
		},
		{
			"from": [7.69, 7.19, 30.69],
			"to": [8.31, 7.81, 31.31],
			"rotation": {"angle": 0, "axis": "y", "origin": [15, 8, 28]},
			"faces": {
				"north": {"uv": [0, 0, 1, 1], "texture": "#2"},
				"east": {"uv": [0, 0, 15, 16], "texture": "#5"},
				"south": {"uv": [0, 0, 1, 1], "texture": "#5"},
				"west": {"uv": [0, 0, 16, 1], "texture": "#5"},
				"up": {"uv": [0, 0, 1, 16], "texture": "#5"},
				"down": {"uv": [0, 0, 1, 16], "texture": "#5"}
			}
		},
		{
			"from": [7.65, 7.15, 17.15],
			"to": [8.35, 7.85, 24.85],
			"rotation": {"angle": 0, "axis": "y", "origin": [15, 8, 17]},
			"faces": {
				"north": {"uv": [0, 0, 1, 1], "texture": "#2"},
				"east": {"uv": [0, 0, 15, 16], "texture": "#2"},
				"south": {"uv": [0, 0, 1, 1], "texture": "#2"},
				"west": {"uv": [0, 0, 16, 1], "texture": "#2"},
				"up": {"uv": [0, 0, 1, 16], "texture": "#2"},
				"down": {"uv": [0, 0, 1, 16], "texture": "#2"}
			}
		},
		{
			"from": [7.5, 7, 0],
			"to": [8.5, 8, 10],
			"rotation": {"angle": 0, "axis": "y", "origin": [15, 8, 8]},
			"faces": {
				"north": {"uv": [8, 10, 10, 12], "texture": "#3"},
				"east": {"uv": [0, 14, 16, 16], "texture": "#3"},
				"south": {"uv": [4, 11, 6, 13], "texture": "#3"},
				"west": {"uv": [0, 0, 16, 2], "texture": "#3"},
				"up": {"uv": [0, 0, 2, 16], "texture": "#3"},
				"down": {"uv": [14, 0, 16, 16], "texture": "#3"}
			}
		}
	],
	"display": {
		"thirdperson_righthand": {
			"rotation": [-180, 0, 0],
			"translation": [0, -2.5, -6]
		},
		"thirdperson_lefthand": {
			"rotation": [-78, 0, 0]
		},
		"firstperson_righthand": {
			"rotation": [-151, -12, 0],
			"translation": [-4.5, 0, 0]
		},
		"firstperson_lefthand": {
			"rotation": [58, -180, 0]
		},
		"ground": {
			"translation": [0, 0, -8]
		},
		"gui": {
			"rotation": [-90, -45, 0],
			"translation": [4, -4, 0],
			"scale": [0.6, 0.6, 0.6]
		},
		"head": {
			"rotation": [-180, 0, 0],
			"translation": [0, -3.75, -1.75]
		},
		"fixed": {
			"rotation": [-90, 45, 0],
			"translation": [-4, -4, -1.5]
		}
	}
}