{
	"credit": "Made with Blockbench",
	"textures": {
		"0": "item/pool/cloth",
		"1": "item/pool/wood",
		"2": "item/pool/black",
		"particle": "item/pool/cloth"
	},
	"elements": [
		{
			"from": [0, 16, 0],
			"to": [5, 16.02, 9],
			"rotation": {"angle": 0, "axis": "y", "origin": [8, -8, 8]},
			"faces": {
				"north": {"uv": [0, 0, 16, 0.02], "texture": "#0"},
				"east": {"uv": [0, 0, 8, 0.02], "texture": "#0"},
				"south": {"uv": [0, 0, 16, 0.02], "texture": "#0"},
				"west": {"uv": [0, 0, 8, 0.02], "texture": "#0"},
				"up": {"uv": [0, 0, 8, 16], "rotation": 270, "texture": "#0"},
				"down": {"uv": [0, 0, 8, 16], "rotation": 90, "texture": "#0"}
			}
		},
		{
			"from": [5, 16, 0],
			"to": [9, 16.02, 5],
			"rotation": {"angle": 0, "axis": "y", "origin": [12, -8, 8]},
			"faces": {
				"north": {"uv": [0, 0, 16, 0.02], "texture": "#0"},
				"east": {"uv": [0, 0, 8, 0.02], "texture": "#0"},
				"south": {"uv": [0, 0, 16, 0.02], "texture": "#0"},
				"west": {"uv": [0, 0, 8, 0.02], "texture": "#0"},
				"up": {"uv": [0, 0, 8, 16], "rotation": 270, "texture": "#0"},
				"down": {"uv": [0, 0, 8, 16], "rotation": 90, "texture": "#0"}
			}
		},
		{
			"from": [5, 16, 5],
			"to": [13, 16.01, 13],
			"rotation": {"angle": 0, "axis": "y", "origin": [12, -8, 13]},
			"faces": {
				"north": {"uv": [0, 0, 16, 0.02], "texture": "#2"},
				"east": {"uv": [0, 0, 8, 0.02], "texture": "#2"},
				"south": {"uv": [0, 0, 16, 0.02], "texture": "#2"},
				"west": {"uv": [0, 0, 8, 0.02], "texture": "#2"},
				"up": {"uv": [0, 0, 8, 16], "rotation": 270, "texture": "#2"},
				"down": {"uv": [0, 0, 8, 16], "rotation": 90, "texture": "#2"}
			}
		},
		{
			"from": [0, 16, 9.5],
			"to": [3.25, 19.02, 11],
			"rotation": {"angle": 0, "axis": "y", "origin": [16, -8, 9.75]},
			"faces": {
				"north": {"uv": [0, 0, 16, 3], "texture": "#0"},
				"east": {"uv": [0, 0, 2.5, 3], "texture": "#0"},
				"south": {"uv": [0, 0, 16, 3], "texture": "#0"},
				"west": {"uv": [0, 0, 2.5, 3], "texture": "#0"},
				"up": {"uv": [0, 0, 2.5, 16], "rotation": 90, "texture": "#0"},
				"down": {"uv": [0, 0, 2.5, 16], "rotation": 270, "texture": "#0"}
			}
		},
		{
			"from": [0, 16, 8.5],
			"to": [2.25, 19.02, 10],
			"rotation": {"angle": 0, "axis": "y", "origin": [16, -8, 9.75]},
			"faces": {
				"north": {"uv": [0, 0, 16, 3], "texture": "#0"},
				"east": {"uv": [0, 0, 2.5, 3], "texture": "#0"},
				"south": {"uv": [0, 0, 16, 3], "texture": "#0"},
				"west": {"uv": [0, 0, 2.5, 3], "texture": "#0"},
				"up": {"uv": [0, 0, 2.5, 16], "rotation": 90, "texture": "#0"},
				"down": {"uv": [0, 0, 2.5, 16], "rotation": 270, "texture": "#0"}
			}
		},
		{
			"from": [9.5, 16, 0],
			"to": [11, 19.02, 3.75],
			"rotation": {"angle": 0, "axis": "y", "origin": [9.75, 5.51, 1.875]},
			"faces": {
				"north": {"uv": [0, 0, 2.5, 3], "texture": "#0"},
				"east": {"uv": [0, 0, 16, 3], "texture": "#0"},
				"south": {"uv": [0, 0, 2.5, 3], "texture": "#0"},
				"west": {"uv": [0, 0, 16, 3], "texture": "#0"},
				"up": {"uv": [0, 0, 2.5, 16], "texture": "#0"},
				"down": {"uv": [0, 0, 2.5, 16], "texture": "#0"}
			}
		},
		{
			"from": [8.5, 16, 0],
			"to": [10, 19.02, 2.25],
			"rotation": {"angle": 0, "axis": "y", "origin": [9.75, 5.51, 1.875]},
			"faces": {
				"north": {"uv": [0, 0, 2.5, 3], "texture": "#0"},
				"east": {"uv": [0, 0, 16, 3], "texture": "#0"},
				"south": {"uv": [0, 0, 2.5, 3], "texture": "#0"},
				"west": {"uv": [0, 0, 16, 3], "texture": "#0"},
				"up": {"uv": [0, 0, 2.5, 16], "texture": "#0"},
				"down": {"uv": [0, 0, 2.5, 16], "texture": "#0"}
			}
		},
		{
			"from": [7.5, 16, 11.75],
			"to": [10, 18.5, 12.25],
			"rotation": {"angle": 0, "axis": "y", "origin": [8.75, 5.38, 8.75]},
			"faces": {
				"north": {"uv": [0, 0, 2.5, 3], "texture": "#0"},
				"east": {"uv": [0, 0, 16, 3], "texture": "#0"},
				"south": {"uv": [0, 0, 2.5, 3], "texture": "#0"},
				"west": {"uv": [0, 0, 16, 3], "texture": "#0"},
				"up": {"uv": [0, 0, 2.5, 16], "texture": "#0"},
				"down": {"uv": [0, 0, 2.5, 16], "texture": "#0"}
			}
		},
		{
			"from": [7.5, 16, 11.75],
			"to": [10, 18.5, 12.25],
			"rotation": {"angle": -22.5, "axis": "y", "origin": [8.75, 5.38, 8.75]},
			"faces": {
				"north": {"uv": [0, 0, 2.5, 3], "texture": "#0"},
				"east": {"uv": [0, 0, 16, 3], "texture": "#0"},
				"south": {"uv": [0, 0, 2.5, 3], "texture": "#0"},
				"west": {"uv": [0, 0, 16, 3], "texture": "#0"},
				"up": {"uv": [0, 0, 2.5, 16], "texture": "#0"},
				"down": {"uv": [0, 0, 2.5, 16], "texture": "#0"}
			}
		},
		{
			"from": [3.39529, 16, 8.74498],
			"to": [5.99529, 18.5, 9.24498],
			"rotation": {"angle": -22.5, "axis": "y", "origin": [4.74529, 5.38, 5.74498]},
			"faces": {
				"north": {"uv": [0, 0, 2.5, 3], "texture": "#0"},
				"east": {"uv": [0, 0, 16, 3], "texture": "#0"},
				"south": {"uv": [0, 0, 2.5, 3], "texture": "#0"},
				"west": {"uv": [0, 0, 16, 3], "texture": "#0"},
				"up": {"uv": [0, 0, 2.5, 16], "texture": "#0"},
				"down": {"uv": [0, 0, 2.5, 16], "texture": "#0"}
			}
		},
		{
			"from": [6.1, 16, 11.75],
			"to": [12.6, 18.5, 12.25],
			"rotation": {"angle": -45, "axis": "y", "origin": [8.75, 5.38, 8.75]},
			"faces": {
				"north": {"uv": [0, 0, 2.5, 3], "texture": "#0"},
				"east": {"uv": [0, 0, 16, 3], "texture": "#0"},
				"south": {"uv": [0, 0, 2.5, 3], "texture": "#0"},
				"west": {"uv": [0, 0, 16, 3], "texture": "#0"},
				"up": {"uv": [0, 0, 2.5, 16], "texture": "#0"},
				"down": {"uv": [0, 0, 2.5, 16], "texture": "#0"}
			}
		},
		{
			"from": [7.5, 16, 11.75],
			"to": [10, 18.5, 12.25],
			"rotation": {"angle": 22.5, "axis": "y", "origin": [8.75, 5.38, 8.75]},
			"faces": {
				"north": {"uv": [0, 0, 2.5, 3], "texture": "#0"},
				"east": {"uv": [0, 0, 16, 3], "texture": "#0"},
				"south": {"uv": [0, 0, 2.5, 3], "texture": "#0"},
				"west": {"uv": [0, 0, 16, 3], "texture": "#0"},
				"up": {"uv": [0, 0, 2.5, 16], "texture": "#0"},
				"down": {"uv": [0, 0, 2.5, 16], "texture": "#0"}
			}
		},
		{
			"from": [7.5, 16, 11.75],
			"to": [10, 18.5, 12.25],
			"rotation": {"angle": 45, "axis": "y", "origin": [8.75, 5.38, 8.75]},
			"faces": {
				"north": {"uv": [0, 0, 2.5, 3], "texture": "#0"},
				"east": {"uv": [0, 0, 16, 3], "texture": "#0"},
				"south": {"uv": [0, 0, 2.5, 3], "texture": "#0"},
				"west": {"uv": [0, 0, 16, 3], "texture": "#0"},
				"up": {"uv": [0, 0, 2.5, 16], "texture": "#0"},
				"down": {"uv": [0, 0, 2.5, 16], "texture": "#0"}
			}
		},
		{
			"from": [11.75, 16, 7.5],
			"to": [12.25, 18.5, 10],
			"rotation": {"angle": -22.5, "axis": "y", "origin": [8.75, 5.38, 8.75]},
			"faces": {
				"north": {"uv": [0, 0, 16, 3], "texture": "#0"},
				"east": {"uv": [0, 0, 2.5, 3], "texture": "#0"},
				"south": {"uv": [0, 0, 16, 3], "texture": "#0"},
				"west": {"uv": [0, 0, 2.5, 3], "texture": "#0"},
				"up": {"uv": [0, 0, 2.5, 16], "rotation": 270, "texture": "#0"},
				"down": {"uv": [0, 0, 2.5, 16], "rotation": 90, "texture": "#0"}
			}
		},
		{
			"from": [11.75, 16, 7.5],
			"to": [12.25, 18.5, 10],
			"rotation": {"angle": 0, "axis": "y", "origin": [8.75, 5.38, 8.75]},
			"faces": {
				"north": {"uv": [0, 0, 16, 3], "texture": "#0"},
				"east": {"uv": [0, 0, 2.5, 3], "texture": "#0"},
				"south": {"uv": [0, 0, 16, 3], "texture": "#0"},
				"west": {"uv": [0, 0, 2.5, 3], "texture": "#0"},
				"up": {"uv": [0, 0, 2.5, 16], "rotation": 270, "texture": "#0"},
				"down": {"uv": [0, 0, 2.5, 16], "rotation": 90, "texture": "#0"}
			}
		},
		{
			"from": [11.75, 16, 7.5],
			"to": [12.25, 18.5, 10],
			"rotation": {"angle": 22.5, "axis": "y", "origin": [8.75, 5.38, 8.75]},
			"faces": {
				"north": {"uv": [0, 0, 16, 3], "texture": "#0"},
				"east": {"uv": [0, 0, 2.5, 3], "texture": "#0"},
				"south": {"uv": [0, 0, 16, 3], "texture": "#0"},
				"west": {"uv": [0, 0, 2.5, 3], "texture": "#0"},
				"up": {"uv": [0, 0, 2.5, 16], "rotation": 270, "texture": "#0"},
				"down": {"uv": [0, 0, 2.5, 16], "rotation": 90, "texture": "#0"}
			}
		},
		{
			"from": [10.61972, 16, 3.4202],
			"to": [11.11972, 18.5, 6.0202],
			"rotation": {"angle": 22.5, "axis": "y", "origin": [6.61972, 5.38, 9.4702]},
			"faces": {
				"north": {"uv": [0, 0, 16, 3], "texture": "#0"},
				"east": {"uv": [0, 0, 2.5, 3], "texture": "#0"},
				"south": {"uv": [0, 0, 16, 3], "texture": "#0"},
				"west": {"uv": [0, 0, 2.5, 3], "texture": "#0"},
				"up": {"uv": [0, 0, 2.5, 16], "rotation": 270, "texture": "#0"},
				"down": {"uv": [0, 0, 2.5, 16], "rotation": 90, "texture": "#0"}
			}
		},
		{
			"from": [11.75, 16, 6.1],
			"to": [12.25, 18.5, 12.6],
			"rotation": {"angle": 45, "axis": "y", "origin": [8.75, 5.38, 8.75]},
			"faces": {
				"north": {"uv": [0, 0, 16, 3], "texture": "#0"},
				"east": {"uv": [0, 0, 2.5, 3], "texture": "#0"},
				"south": {"uv": [0, 0, 16, 3], "texture": "#0"},
				"west": {"uv": [0, 0, 2.5, 3], "texture": "#0"},
				"up": {"uv": [0, 0, 2.5, 16], "rotation": 270, "texture": "#0"},
				"down": {"uv": [0, 0, 2.5, 16], "rotation": 90, "texture": "#0"}
			}
		},
		{
			"from": [7.5, 16, 12.25],
			"to": [10, 19.02, 14.25],
			"rotation": {"angle": 0, "axis": "y", "origin": [8.75, 5.38, 8.75]},
			"faces": {
				"north": {"uv": [0, 0, 2.5, 3], "texture": "#0"},
				"east": {"uv": [0, 0, 16, 3], "texture": "#0"},
				"south": {"uv": [0, 0, 2.5, 3], "texture": "#0"},
				"west": {"uv": [0, 0, 16, 3], "texture": "#0"},
				"up": {"uv": [0, 0, 2.5, 16], "texture": "#0"},
				"down": {"uv": [0, 0, 2.5, 16], "texture": "#0"}
			}
		},
		{
			"from": [7.5, 16, 12.25],
			"to": [10, 19.02, 14.25],
			"rotation": {"angle": -22.5, "axis": "y", "origin": [8.75, 5.38, 8.75]},
			"faces": {
				"north": {"uv": [0, 0, 2.5, 3], "texture": "#0"},
				"east": {"uv": [0, 0, 16, 3], "texture": "#0"},
				"south": {"uv": [0, 0, 2.5, 3], "texture": "#0"},
				"west": {"uv": [0, 0, 16, 3], "texture": "#0"},
				"up": {"uv": [0, 0, 2.5, 16], "texture": "#0"},
				"down": {"uv": [0, 0, 2.5, 16], "texture": "#0"}
			}
		},
		{
			"from": [3.49424, 16, 9.24478],
			"to": [5.89424, 19.02, 11.24478],
			"rotation": {"angle": -22.5, "axis": "y", "origin": [4.74424, 5.38, 5.74478]},
			"faces": {
				"north": {"uv": [0, 0, 2.5, 3], "texture": "#0"},
				"east": {"uv": [0, 0, 16, 3], "texture": "#0"},
				"south": {"uv": [0, 0, 2.5, 3], "texture": "#0"},
				"west": {"uv": [0, 0, 16, 3], "texture": "#0"},
				"up": {"uv": [0, 0, 2.5, 16], "texture": "#0"},
				"down": {"uv": [0, 0, 2.5, 16], "texture": "#0"}
			}
		},
		{
			"from": [6.2, 16, 12.25],
			"to": [10, 19.02, 14.25],
			"rotation": {"angle": -45, "axis": "y", "origin": [8.75, 5.38, 8.75]},
			"faces": {
				"north": {"uv": [0, 0, 2.5, 3], "texture": "#0"},
				"east": {"uv": [0, 0, 16, 3], "texture": "#0"},
				"south": {"uv": [0, 0, 2.5, 3], "texture": "#0"},
				"west": {"uv": [0, 0, 16, 3], "texture": "#0"},
				"up": {"uv": [0, 0, 2.5, 16], "texture": "#0"},
				"down": {"uv": [0, 0, 2.5, 16], "texture": "#0"}
			}
		},
		{
			"from": [7.5, 16, 12.25],
			"to": [10, 19.02, 14.25],
			"rotation": {"angle": 22.5, "axis": "y", "origin": [8.75, 5.38, 8.75]},
			"faces": {
				"north": {"uv": [0, 0, 2.5, 3], "texture": "#0"},
				"east": {"uv": [0, 0, 16, 3], "texture": "#0"},
				"south": {"uv": [0, 0, 2.5, 3], "texture": "#0"},
				"west": {"uv": [0, 0, 16, 3], "texture": "#0"},
				"up": {"uv": [0, 0, 2.5, 16], "texture": "#0"},
				"down": {"uv": [0, 0, 2.5, 16], "texture": "#0"}
			}
		},
		{
			"from": [7.5, 16, 12.25],
			"to": [10, 19.02, 14.25],
			"rotation": {"angle": 45, "axis": "y", "origin": [8.75, 5.38, 8.75]},
			"faces": {
				"north": {"uv": [0, 0, 2.5, 3], "texture": "#0"},
				"east": {"uv": [0, 0, 16, 3], "texture": "#0"},
				"south": {"uv": [0, 0, 2.5, 3], "texture": "#0"},
				"west": {"uv": [0, 0, 16, 3], "texture": "#0"},
				"up": {"uv": [0, 0, 2.5, 16], "texture": "#0"},
				"down": {"uv": [0, 0, 2.5, 16], "texture": "#0"}
			}
		},
		{
			"from": [7.5, 16, 3.25],
			"to": [10, 16.02, 5.75],
			"rotation": {"angle": 0, "axis": "y", "origin": [8.75, 5.38, 8.75]},
			"faces": {
				"north": {"uv": [0, 0, 2.5, 3], "texture": "#0"},
				"east": {"uv": [0, 0, 16, 3], "texture": "#0"},
				"south": {"uv": [0, 0, 2.5, 3], "texture": "#0"},
				"west": {"uv": [0, 0, 16, 3], "texture": "#0"},
				"up": {"uv": [0, 0, 2.5, 16], "rotation": 180, "texture": "#0"},
				"down": {"uv": [0, 0, 2.5, 16], "rotation": 180, "texture": "#0"}
			}
		},
		{
			"from": [7.5, 16, 3.25],
			"to": [10, 16.02, 5.75],
			"rotation": {"angle": -22.5, "axis": "y", "origin": [8.75, 5.38, 8.75]},
			"faces": {
				"north": {"uv": [0, 0, 2.5, 3], "texture": "#0"},
				"east": {"uv": [0, 0, 16, 3], "texture": "#0"},
				"south": {"uv": [0, 0, 2.5, 3], "texture": "#0"},
				"west": {"uv": [0, 0, 16, 3], "texture": "#0"},
				"up": {"uv": [0, 0, 2.5, 16], "rotation": 180, "texture": "#0"},
				"down": {"uv": [0, 0, 2.5, 16], "rotation": 180, "texture": "#0"}
			}
		},
		{
			"from": [7.5, 16, 3.25],
			"to": [10, 16.02, 5.75],
			"rotation": {"angle": 22.5, "axis": "y", "origin": [8.75, 5.38, 8.75]},
			"faces": {
				"north": {"uv": [0, 0, 2.5, 3], "texture": "#0"},
				"east": {"uv": [0, 0, 16, 3], "texture": "#0"},
				"south": {"uv": [0, 0, 2.5, 3], "texture": "#0"},
				"west": {"uv": [0, 0, 16, 3], "texture": "#0"},
				"up": {"uv": [0, 0, 2.5, 16], "rotation": 180, "texture": "#0"},
				"down": {"uv": [0, 0, 2.5, 16], "rotation": 180, "texture": "#0"}
			}
		},
		{
			"from": [7.5, 16, 3.25],
			"to": [10, 16.02, 5.75],
			"rotation": {"angle": 45, "axis": "y", "origin": [8.75, 5.38, 8.75]},
			"faces": {
				"north": {"uv": [0, 0, 2.5, 3], "texture": "#0"},
				"east": {"uv": [0, 0, 16, 3], "texture": "#0"},
				"south": {"uv": [0, 0, 2.5, 3], "texture": "#0"},
				"west": {"uv": [0, 0, 16, 3], "texture": "#0"},
				"up": {"uv": [0, 0, 2.5, 16], "rotation": 180, "texture": "#0"},
				"down": {"uv": [0, 0, 2.5, 16], "rotation": 180, "texture": "#0"}
			}
		},
		{
			"from": [3.25, 16, 7.5],
			"to": [5.75, 16.02, 10],
			"rotation": {"angle": -22.5, "axis": "y", "origin": [8.75, 5.38, 8.75]},
			"faces": {
				"north": {"uv": [0, 0, 16, 3], "texture": "#0"},
				"east": {"uv": [0, 0, 2.5, 3], "texture": "#0"},
				"south": {"uv": [0, 0, 16, 3], "texture": "#0"},
				"west": {"uv": [0, 0, 2.5, 3], "texture": "#0"},
				"up": {"uv": [0, 0, 2.5, 16], "rotation": 90, "texture": "#0"},
				"down": {"uv": [0, 0, 2.5, 16], "rotation": 270, "texture": "#0"}
			}
		},
		{
			"from": [3.25, 16, 7.5],
			"to": [5.75, 16.02, 10],
			"rotation": {"angle": 0, "axis": "y", "origin": [8.75, 5.38, 8.75]},
			"faces": {
				"north": {"uv": [0, 0, 16, 3], "texture": "#0"},
				"east": {"uv": [0, 0, 2.5, 3], "texture": "#0"},
				"south": {"uv": [0, 0, 16, 3], "texture": "#0"},
				"west": {"uv": [0, 0, 2.5, 3], "texture": "#0"},
				"up": {"uv": [0, 0, 2.5, 16], "rotation": 90, "texture": "#0"},
				"down": {"uv": [0, 0, 2.5, 16], "rotation": 270, "texture": "#0"}
			}
		},
		{
			"from": [3.25, 16, 7.5],
			"to": [5.75, 16.02, 10],
			"rotation": {"angle": 22.5, "axis": "y", "origin": [8.75, 5.38, 8.75]},
			"faces": {
				"north": {"uv": [0, 0, 16, 3], "texture": "#0"},
				"east": {"uv": [0, 0, 2.5, 3], "texture": "#0"},
				"south": {"uv": [0, 0, 16, 3], "texture": "#0"},
				"west": {"uv": [0, 0, 2.5, 3], "texture": "#0"},
				"up": {"uv": [0, 0, 2.5, 16], "rotation": 90, "texture": "#0"},
				"down": {"uv": [0, 0, 2.5, 16], "rotation": 270, "texture": "#0"}
			}
		},
		{
			"from": [12.25, 16, 7.5],
			"to": [14.25, 19.02, 10],
			"rotation": {"angle": -22.5, "axis": "y", "origin": [8.75, 5.38, 8.75]},
			"faces": {
				"north": {"uv": [0, 0, 16, 3], "texture": "#0"},
				"east": {"uv": [0, 0, 2.5, 3], "texture": "#0"},
				"south": {"uv": [0, 0, 16, 3], "texture": "#0"},
				"west": {"uv": [0, 0, 2.5, 3], "texture": "#0"},
				"up": {"uv": [0, 0, 2.5, 16], "rotation": 270, "texture": "#0"},
				"down": {"uv": [0, 0, 2.5, 16], "rotation": 90, "texture": "#0"}
			}
		},
		{
			"from": [12.25, 16, 7.5],
			"to": [14.25, 19.02, 10],
			"rotation": {"angle": 0, "axis": "y", "origin": [8.75, 5.38, 8.75]},
			"faces": {
				"north": {"uv": [0, 0, 16, 3], "texture": "#0"},
				"east": {"uv": [0, 0, 2.5, 3], "texture": "#0"},
				"south": {"uv": [0, 0, 16, 3], "texture": "#0"},
				"west": {"uv": [0, 0, 2.5, 3], "texture": "#0"},
				"up": {"uv": [0, 0, 2.5, 16], "rotation": 270, "texture": "#0"},
				"down": {"uv": [0, 0, 2.5, 16], "rotation": 90, "texture": "#0"}
			}
		},
		{
			"from": [12.25, 16, 7.5],
			"to": [14.25, 19.02, 10],
			"rotation": {"angle": 22.5, "axis": "y", "origin": [8.75, 5.38, 8.75]},
			"faces": {
				"north": {"uv": [0, 0, 16, 3], "texture": "#0"},
				"east": {"uv": [0, 0, 2.5, 3], "texture": "#0"},
				"south": {"uv": [0, 0, 16, 3], "texture": "#0"},
				"west": {"uv": [0, 0, 2.5, 3], "texture": "#0"},
				"up": {"uv": [0, 0, 2.5, 16], "rotation": 270, "texture": "#0"},
				"down": {"uv": [0, 0, 2.5, 16], "rotation": 90, "texture": "#0"}
			}
		},
		{
			"from": [9.24478, 16, 3.49424],
			"to": [11.24478, 19.02, 5.89424],
			"rotation": {"angle": 22.5, "axis": "y", "origin": [5.74478, 5.38, 4.74424]},
			"faces": {
				"north": {"uv": [0, 0, 16, 3], "texture": "#0"},
				"east": {"uv": [0, 0, 2.5, 3], "texture": "#0"},
				"south": {"uv": [0, 0, 16, 3], "texture": "#0"},
				"west": {"uv": [0, 0, 2.5, 3], "texture": "#0"},
				"up": {"uv": [0, 0, 2.5, 16], "rotation": 270, "texture": "#0"},
				"down": {"uv": [0, 0, 2.5, 16], "rotation": 90, "texture": "#0"}
			}
		},
		{
			"from": [12.25, 16, 6.2],
			"to": [14.25, 19.02, 10],
			"rotation": {"angle": 45, "axis": "y", "origin": [8.75, 5.38, 8.75]},
			"faces": {
				"north": {"uv": [0, 0, 16, 3], "texture": "#0"},
				"east": {"uv": [0, 0, 2.5, 3], "texture": "#0"},
				"south": {"uv": [0, 0, 16, 3], "texture": "#0"},
				"west": {"uv": [0, 0, 2.5, 3], "texture": "#0"},
				"up": {"uv": [0, 0, 2.5, 16], "rotation": 270, "texture": "#0"},
				"down": {"uv": [0, 0, 2.5, 16], "rotation": 90, "texture": "#0"}
			}
		},
		{
			"from": [0, 16, 8],
			"to": [2.35, 18.5, 8.5],
			"rotation": {"angle": 0, "axis": "y", "origin": [8, -8, 8]},
			"faces": {
				"north": {"uv": [0, 0, 16, 2.5], "texture": "#0"},
				"east": {"uv": [0, 0, 0.5, 2.5], "texture": "#0"},
				"south": {"uv": [0, 0, 16, 2.5], "texture": "#0"},
				"west": {"uv": [0, 0, 0.5, 2.5], "texture": "#0"},
				"up": {"uv": [0, 0, 0.5, 16], "rotation": 270, "texture": "#0"},
				"down": {"uv": [0, 0, 0.5, 16], "rotation": 90, "texture": "#0"}
			}
		},
		{
			"from": [8, 16, 0],
			"to": [8.5, 18.5, 2.35],
			"rotation": {"angle": 0, "axis": "y", "origin": [8, -8, 8]},
			"faces": {
				"north": {"uv": [0, 0, 0.5, 2.5], "texture": "#0"},
				"east": {"uv": [0, 0, 16, 2.5], "texture": "#0"},
				"south": {"uv": [0, 0, 0.5, 2.5], "texture": "#0"},
				"west": {"uv": [0, 0, 16, 2.5], "texture": "#0"},
				"up": {"uv": [0, 0, 0.5, 16], "texture": "#0"},
				"down": {"uv": [0, 0, 0.5, 16], "texture": "#0"}
			}
		},
		{
			"from": [0, 16, 11],
			"to": [5, 19, 16],
			"rotation": {"angle": 0, "axis": "y", "origin": [4, -8, 8]},
			"faces": {
				"north": {"uv": [0, 0, 16, 3], "texture": "#1"},
				"east": {"uv": [0, 13, 5, 16], "texture": "#1"},
				"south": {"uv": [0, 13, 16, 16], "texture": "#1"},
				"west": {"uv": [11, 13, 16, 16], "texture": "#1"},
				"up": {"uv": [0, 0, 5, 16], "rotation": 270, "texture": "#1"},
				"down": {"uv": [0, 0, 5, 16], "rotation": 90, "texture": "#1"}
			}
		},
		{
			"from": [11, 16, 0],
			"to": [16, 19, 5],
			"rotation": {"angle": 0, "axis": "y", "origin": [8, -8, 0]},
			"faces": {
				"north": {"uv": [0, 13, 5, 16], "texture": "#1"},
				"east": {"uv": [0, 13, 16, 16], "texture": "#1"},
				"south": {"uv": [11, 13, 16, 16], "texture": "#1"},
				"west": {"uv": [0, 0, 16, 3], "texture": "#1"},
				"up": {"uv": [0, 0, 5, 16], "rotation": 180, "texture": "#1"},
				"down": {"uv": [0, 0, 5, 16], "rotation": 180, "texture": "#1"}
			}
		},
		{
			"from": [4, 16, 12.5],
			"to": [16, 19, 16],
			"rotation": {"angle": 0, "axis": "y", "origin": [12, -8, 7]},
			"faces": {
				"north": {"uv": [0, 0, 16, 3], "texture": "#1"},
				"east": {"uv": [0, 13, 5, 16], "texture": "#1"},
				"south": {"uv": [0, 13, 16, 16], "texture": "#1"},
				"west": {"uv": [11, 13, 16, 16], "texture": "#1"},
				"up": {"uv": [0, 0, 5, 16], "rotation": 270, "texture": "#1"},
				"down": {"uv": [0, 0, 5, 16], "rotation": 90, "texture": "#1"}
			}
		},
		{
			"from": [12.5, 16, 4],
			"to": [16, 19, 13],
			"rotation": {"angle": 0, "axis": "y", "origin": [8, -8, 8]},
			"faces": {
				"north": {"uv": [0, 13, 5, 16], "texture": "#1"},
				"east": {"uv": [0, 13, 16, 16], "texture": "#1"},
				"south": {"uv": [11, 13, 16, 16], "texture": "#1"},
				"west": {"uv": [0, 0, 16, 3], "texture": "#1"},
				"up": {"uv": [0, 0, 5, 16], "rotation": 180, "texture": "#1"},
				"down": {"uv": [0, 0, 5, 16], "rotation": 180, "texture": "#1"}
			}
		}
	],
	"display": {
		"thirdperson_righthand": {
			"rotation": [90, 0, 0],
			"translation": [0, 0, -16]
		},
		"thirdperson_lefthand": {
			"rotation": [90, 0, 0],
			"translation": [0, 0, -16]
		},
		"firstperson_righthand": {
			"translation": [0, -8, 0]
		},
		"firstperson_lefthand": {
			"translation": [0, -8, 0]
		},
		"ground": {
			"translation": [0, -19.5, 0]
		},
		"gui": {
			"rotation": [90, 0, 0]
		},
		"head": {
			"translation": [0, 14.5, 0]
		},
		"fixed": {
			"rotation": [-90, -90, 0],
			"translation": [0, 0, -16],
			"scale": [2, 2, 2]
		}
	}
}