{
	"credit": "Made with Blockbench",
	"textures": {
		"0": "item/pool/cloth",
		"1": "item/pool/wood",
		"2": "item/pool/black",
		"particle": "item/pool/cloth"
	},
	"elements": [
		{
			"from": [3, 16, 0],
			"to": [16, 16.02, 8],
			"rotation": {"angle": 0, "axis": "y", "origin": [11, 8, 8]},
			"faces": {
				"north": {"uv": [0, 0, 16, 0.02], "texture": "#0"},
				"east": {"uv": [0, 0, 8, 0.02], "texture": "#0"},
				"south": {"uv": [0, 0, 16, 0.02], "texture": "#0"},
				"west": {"uv": [0, 0, 8, 0.02], "texture": "#0"},
				"up": {"uv": [0, 0, 8, 16], "rotation": 270, "texture": "#0"},
				"down": {"uv": [0, 0, 8, 16], "rotation": 90, "texture": "#0"}
			}
		},
		{
			"from": [0, 16, 0],
			"to": [3, 16.02, 5],
			"faces": {
				"north": {"uv": [0, 0, 16, 0.02], "texture": "#0"},
				"east": {"uv": [0, 0, 8, 0.02], "texture": "#0"},
				"south": {"uv": [0, 0, 16, 0.02], "texture": "#0"},
				"west": {"uv": [0, 0, 8, 0.02], "texture": "#0"},
				"up": {"uv": [0, 0, 8, 16], "rotation": 270, "texture": "#0"},
				"down": {"uv": [0, 0, 8, 16], "rotation": 90, "texture": "#0"}
			}
		},
		{
			"from": [0, 16, 5],
			"to": [4, 16.01, 13],
			"rotation": {"angle": 0, "axis": "y", "origin": [8, 8, 13]},
			"faces": {
				"north": {"uv": [0, 0, 16, 0.02], "texture": "#2"},
				"east": {"uv": [0, 0, 8, 0.02], "texture": "#2"},
				"south": {"uv": [0, 0, 16, 0.02], "texture": "#2"},
				"west": {"uv": [0, 0, 8, 0.02], "texture": "#2"},
				"up": {"uv": [0, 0, 8, 16], "rotation": 270, "texture": "#2"},
				"down": {"uv": [0, 0, 8, 16], "rotation": 90, "texture": "#2"}
			}
		},
		{
			"from": [4, 16, 8.5],
			"to": [16, 19.02, 11],
			"rotation": {"angle": 0, "axis": "y", "origin": [0, 8, 9.75]},
			"faces": {
				"north": {"uv": [0, 0, 16, 3], "texture": "#0"},
				"east": {"uv": [0, 0, 2.5, 3], "texture": "#0"},
				"south": {"uv": [0, 0, 16, 3], "texture": "#0"},
				"west": {"uv": [0, 0, 2.5, 3], "texture": "#0"},
				"up": {"uv": [0, 0, 2.5, 16], "rotation": 270, "texture": "#0"},
				"down": {"uv": [0, 0, 2.5, 16], "rotation": 90, "texture": "#0"}
			}
		},
		{
			"from": [3, 16, 6.7],
			"to": [3.5, 18.5, 10.7],
			"rotation": {"angle": -22.5, "axis": "y", "origin": [0, 8, 8.75]},
			"faces": {
				"north": {"uv": [0, 0, 16, 3], "texture": "#0"},
				"east": {"uv": [0, 0, 2.5, 3], "texture": "#0"},
				"south": {"uv": [0, 0, 16, 3], "texture": "#0"},
				"west": {"uv": [0, 0, 2.5, 3], "texture": "#0"},
				"up": {"uv": [0, 0, 2.5, 16], "rotation": 270, "texture": "#0"},
				"down": {"uv": [0, 0, 2.5, 16], "rotation": 90, "texture": "#0"}
			}
		},
		{
			"from": [3.5, 16, 7],
			"to": [5.5, 19.02, 10],
			"rotation": {"angle": -22.5, "axis": "y", "origin": [0, 8, 8.75]},
			"faces": {
				"north": {"uv": [0, 0, 16, 3], "texture": "#0"},
				"east": {"uv": [0, 0, 2.5, 3], "texture": "#0"},
				"south": {"uv": [0, 0, 16, 3], "texture": "#0"},
				"west": {"uv": [0, 0, 2.5, 3], "texture": "#0"},
				"up": {"uv": [0, 0, 2.5, 16], "rotation": 270, "texture": "#0"},
				"down": {"uv": [0, 0, 2.5, 16], "rotation": 90, "texture": "#0"}
			}
		},
		{
			"from": [3, 16, 7.5],
			"to": [3.5, 18.5, 10],
			"rotation": {"angle": -45, "axis": "y", "origin": [0, 8, 8.75]},
			"faces": {
				"north": {"uv": [0, 0, 16, 3], "texture": "#0"},
				"east": {"uv": [0, 0, 2.5, 3], "texture": "#0"},
				"south": {"uv": [0, 0, 16, 3], "texture": "#0"},
				"west": {"uv": [0, 0, 2.5, 3], "texture": "#0"},
				"up": {"uv": [0, 0, 2.5, 16], "rotation": 270, "texture": "#0"},
				"down": {"uv": [0, 0, 2.5, 16], "rotation": 90, "texture": "#0"}
			}
		},
		{
			"from": [3.5, 16, 7.5],
			"to": [5.5, 19.02, 10],
			"rotation": {"angle": -45, "axis": "y", "origin": [0, 8, 8.75]},
			"faces": {
				"north": {"uv": [0, 0, 16, 3], "texture": "#0"},
				"east": {"uv": [0, 0, 2.5, 3], "texture": "#0"},
				"south": {"uv": [0, 0, 16, 3], "texture": "#0"},
				"west": {"uv": [0, 0, 2.5, 3], "texture": "#0"},
				"up": {"uv": [0, 0, 2.5, 16], "rotation": 270, "texture": "#0"},
				"down": {"uv": [0, 0, 2.5, 16], "rotation": 90, "texture": "#0"}
			}
		},
		{
			"from": [-1.25, 16, 11.75],
			"to": [1.25, 18.5, 12.25],
			"rotation": {"angle": 22.5, "axis": "y", "origin": [0, 8, 8.75]},
			"faces": {
				"north": {"uv": [0, 0, 2.5, 3], "texture": "#0"},
				"east": {"uv": [0, 0, 16, 3], "texture": "#0"},
				"south": {"uv": [0, 0, 2.5, 3], "texture": "#0"},
				"west": {"uv": [0, 0, 16, 3], "texture": "#0"},
				"up": {"uv": [0, 0, 2.5, 16], "texture": "#0"},
				"down": {"uv": [0, 0, 2.5, 16], "texture": "#0"}
			}
		},
		{
			"from": [-1.25, 16, 12.25],
			"to": [1.25, 19.02, 14.25],
			"rotation": {"angle": 22.5, "axis": "y", "origin": [0, 8, 8.75]},
			"faces": {
				"north": {"uv": [0, 0, 2.5, 3], "texture": "#0"},
				"east": {"uv": [0, 0, 16, 3], "texture": "#0"},
				"south": {"uv": [0, 0, 2.5, 3], "texture": "#0"},
				"west": {"uv": [0, 0, 16, 3], "texture": "#0"},
				"up": {"uv": [0, 0, 2.5, 16], "texture": "#0"},
				"down": {"uv": [0, 0, 2.5, 16], "texture": "#0"}
			}
		},
		{
			"from": [0, 16, 11.75],
			"to": [1.25, 18.5, 12.25],
			"rotation": {"angle": 0, "axis": "y", "origin": [0, 8, 8.75]},
			"faces": {
				"north": {"uv": [0, 0, 2.5, 3], "texture": "#0"},
				"east": {"uv": [0, 0, 16, 3], "texture": "#0"},
				"south": {"uv": [0, 0, 2.5, 3], "texture": "#0"},
				"west": {"uv": [0, 0, 16, 3], "texture": "#0"},
				"up": {"uv": [0, 0, 2.5, 16], "texture": "#0"},
				"down": {"uv": [0, 0, 2.5, 16], "texture": "#0"}
			}
		},
		{
			"from": [0, 16, 12.25],
			"to": [1.25, 19.02, 14.25],
			"rotation": {"angle": 0, "axis": "y", "origin": [0, 8, 8.75]},
			"faces": {
				"north": {"uv": [0, 0, 2.5, 3], "texture": "#0"},
				"east": {"uv": [0, 0, 16, 3], "texture": "#0"},
				"south": {"uv": [0, 0, 2.5, 3], "texture": "#0"},
				"west": {"uv": [0, 0, 16, 3], "texture": "#0"},
				"up": {"uv": [0, 0, 2.5, 16], "texture": "#0"},
				"down": {"uv": [0, 0, 2.5, 16], "texture": "#0"}
			}
		},
		{
			"from": [0, 16, 3.25],
			"to": [1.25, 16.02, 5.75],
			"rotation": {"angle": 0, "axis": "y", "origin": [0, 8, 8.75]},
			"faces": {
				"north": {"uv": [0, 0, 2.5, 3], "texture": "#0"},
				"east": {"uv": [0, 0, 16, 3], "texture": "#0"},
				"south": {"uv": [0, 0, 2.5, 3], "texture": "#0"},
				"west": {"uv": [0, 0, 16, 3], "texture": "#0"},
				"up": {"uv": [0, 0, 2.5, 16], "rotation": 180, "texture": "#0"},
				"down": {"uv": [0, 0, 2.5, 16], "rotation": 180, "texture": "#0"}
			}
		},
		{
			"from": [-1.25, 16, 3.25],
			"to": [1.25, 16.02, 5.75],
			"rotation": {"angle": -22.5, "axis": "y", "origin": [0, 8, 8.75]},
			"faces": {
				"north": {"uv": [0, 0, 2.5, 3], "texture": "#0"},
				"east": {"uv": [0, 0, 16, 3], "texture": "#0"},
				"south": {"uv": [0, 0, 2.5, 3], "texture": "#0"},
				"west": {"uv": [0, 0, 16, 3], "texture": "#0"},
				"up": {"uv": [0, 0, 2.5, 16], "rotation": 180, "texture": "#0"},
				"down": {"uv": [0, 0, 2.5, 16], "rotation": 180, "texture": "#0"}
			}
		},
		{
			"from": [-1.25, 16, 3.25],
			"to": [1.25, 16.02, 5.75],
			"rotation": {"angle": -45, "axis": "y", "origin": [0, 8, 8.75]},
			"faces": {
				"north": {"uv": [0, 0, 2.5, 3], "texture": "#0"},
				"east": {"uv": [0, 0, 16, 3], "texture": "#0"},
				"south": {"uv": [0, 0, 2.5, 3], "texture": "#0"},
				"west": {"uv": [0, 0, 16, 3], "texture": "#0"},
				"up": {"uv": [0, 0, 2.5, 16], "rotation": 180, "texture": "#0"},
				"down": {"uv": [0, 0, 2.5, 16], "rotation": 180, "texture": "#0"}
			}
		},
		{
			"from": [3, 16, 7.5],
			"to": [5.5, 16.02, 10],
			"rotation": {"angle": 22.5, "axis": "y", "origin": [0, 8, 8.75]},
			"faces": {
				"north": {"uv": [0, 0, 16, 3], "texture": "#0"},
				"east": {"uv": [0, 0, 2.5, 3], "texture": "#0"},
				"south": {"uv": [0, 0, 16, 3], "texture": "#0"},
				"west": {"uv": [0, 0, 2.5, 3], "texture": "#0"},
				"up": {"uv": [0, 0, 2.5, 16], "rotation": 270, "texture": "#0"},
				"down": {"uv": [0, 0, 2.5, 16], "rotation": 90, "texture": "#0"}
			}
		},
		{
			"from": [3, 16, 7.5],
			"to": [5.5, 16.02, 10],
			"rotation": {"angle": 0, "axis": "y", "origin": [0, 8, 8.75]},
			"faces": {
				"north": {"uv": [0, 0, 16, 3], "texture": "#0"},
				"east": {"uv": [0, 0, 2.5, 3], "texture": "#0"},
				"south": {"uv": [0, 0, 16, 3], "texture": "#0"},
				"west": {"uv": [0, 0, 2.5, 3], "texture": "#0"},
				"up": {"uv": [0, 0, 2.5, 16], "rotation": 270, "texture": "#0"},
				"down": {"uv": [0, 0, 2.5, 16], "rotation": 90, "texture": "#0"}
			}
		},
		{
			"from": [3.5, 16, 8],
			"to": [16, 18.5, 8.5],
			"rotation": {"angle": 0, "axis": "y", "origin": [11, 8, 8]},
			"faces": {
				"north": {"uv": [0, 0, 16, 2.5], "texture": "#0"},
				"east": {"uv": [0, 0, 0.5, 2.5], "texture": "#0"},
				"south": {"uv": [0, 0, 16, 2.5], "texture": "#0"},
				"west": {"uv": [0, 0, 0.5, 2.5], "texture": "#0"},
				"up": {"uv": [0, 0, 0.5, 16], "rotation": 270, "texture": "#0"},
				"down": {"uv": [0, 0, 0.5, 16], "rotation": 90, "texture": "#0"}
			}
		},
		{
			"from": [4, 16, 11],
			"to": [16, 19, 16],
			"faces": {
				"north": {"uv": [0, 0, 16, 3], "texture": "#1"},
				"east": {"uv": [0, 13, 5, 16], "texture": "#1"},
				"south": {"uv": [0, 13, 16, 16], "texture": "#1"},
				"west": {"uv": [11, 13, 16, 16], "texture": "#1"},
				"up": {"uv": [0, 0, 5, 16], "rotation": 270, "texture": "#1"},
				"down": {"uv": [0, 0, 5, 16], "rotation": 90, "texture": "#1"}
			}
		},
		{
			"from": [0, 16, 12.5],
			"to": [4, 19, 16],
			"faces": {
				"north": {"uv": [0, 0, 16, 3], "texture": "#1"},
				"east": {"uv": [0, 13, 5, 16], "texture": "#1"},
				"south": {"uv": [0, 13, 16, 16], "texture": "#1"},
				"west": {"uv": [11, 13, 16, 16], "texture": "#1"},
				"up": {"uv": [0, 0, 5, 16], "rotation": 270, "texture": "#1"},
				"down": {"uv": [0, 0, 5, 16], "rotation": 90, "texture": "#1"}
			}
		}
	],
	"display": {
		"thirdperson_righthand": {
			"rotation": [90, 0, 0],
			"translation": [0, 0, -16]
		},
		"thirdperson_lefthand": {
			"rotation": [90, 0, 0],
			"translation": [0, 0, -16]
		},
		"firstperson_righthand": {
			"translation": [0, -8, 0]
		},
		"firstperson_lefthand": {
			"translation": [0, -8, 0]
		},
		"ground": {
			"translation": [0, -19.5, 0]
		},
		"gui": {
			"rotation": [90, 0, 0]
		},
		"head": {
			"translation": [0, 14.5, 0]
		},
		"fixed": {
			"rotation": [-90, -90, 0],
			"translation": [0, 0, -16],
			"scale": [2, 2, 2]
		}
	}
}