{
"credit": "Made by YMS2001",
"elements": [  
  {
     "from": [7.5, 7.0, 4.0],
     "to": [8.5, 9.0, 12.0],
      "faces": {
          "north": {"uv": [0, 0, 1, 1], "texture": "#0"},
          "east": {"uv": [0, 0, 1, 1], "texture": "#0"},
          "south": {"uv": [0, 0, 1, 1], "texture": "#0"},
          "west": {"uv": [0, 0, 1, 1], "texture": "#0"},
          "up": {"uv": [0, 0, 1, 1], "texture": "#0"},
          "down": {"uv": [0, 0, 1, 1], "texture": "#0"}
      }
  },
  {
     "from": [7.25, 7.25, 4.0],
     "to": [8.75, 8.75, 12.0],
      "faces": {
          "north": {"uv": [0, 0, 1, 1], "texture": "#0"},
          "east": {"uv": [0, 0, 1, 1], "texture": "#0"},
          "south": {"uv": [0, 0, 1, 1], "texture": "#0"},
          "west": {"uv": [0, 0, 1, 1], "texture": "#0"},
          "up": {"uv": [0, 0, 1, 1], "texture": "#0"},
          "down": {"uv": [0, 0, 1, 1], "texture": "#0"}
      }
  },
  {
     "from": [7.0, 7.5, 4.0],
     "to": [9.0, 8.5, 12.0],
      "faces": {
          "north": {"uv": [0, 0, 1, 1], "texture": "#0"},
          "east": {"uv": [0, 0, 1, 1], "texture": "#0"},
          "south": {"uv": [0, 0, 1, 1], "texture": "#0"},
          "west": {"uv": [0, 0, 1, 1], "texture": "#0"},
          "up": {"uv": [0, 0, 1, 1], "texture": "#0"},
          "down": {"uv": [0, 0, 1, 1], "texture": "#0"}
      }
  },
  {
     "from": [7.5, 6.25, 4.25],
     "to": [8.5, 9.75, 11.75],
      "faces": {
          "north": {"uv": [0, 0, 1, 1], "texture": "#0"},
          "east": {"uv": [0, 0, 1, 1], "texture": "#0"},
          "south": {"uv": [0, 0, 1, 1], "texture": "#0"},
          "west": {"uv": [0, 0, 1, 1], "texture": "#0"},
          "up": {"uv": [0, 0, 1, 1], "texture": "#0"},
          "down": {"uv": [0, 0, 1, 1], "texture": "#0"}
      }
  },
  {
     "from": [7.0, 6.5, 4.25],
     "to": [9.0, 9.5, 11.75],
      "faces": {
          "north": {"uv": [0, 0, 1, 1], "texture": "#0"},
          "east": {"uv": [0, 0, 1, 1], "texture": "#0"},
          "south": {"uv": [0, 0, 1, 1], "texture": "#0"},
          "west": {"uv": [0, 0, 1, 1], "texture": "#0"},
          "up": {"uv": [0, 0, 1, 1], "texture": "#0"},
          "down": {"uv": [0, 0, 1, 1], "texture": "#0"}
      }
  },
  {
     "from": [6.75, 6.75, 4.25],
     "to": [9.25, 9.25, 11.75],
      "faces": {
          "north": {"uv": [0, 0, 1, 1], "texture": "#0"},
          "east": {"uv": [0, 0, 1, 1], "texture": "#0"},
          "south": {"uv": [0, 0, 1, 1], "texture": "#0"},
          "west": {"uv": [0, 0, 1, 1], "texture": "#0"},
          "up": {"uv": [0, 0, 1, 1], "texture": "#0"},
          "down": {"uv": [0, 0, 1, 1], "texture": "#0"}
      }
  },
  {
     "from": [6.5, 7.0, 4.25],
     "to": [9.5, 9.0, 11.75],
      "faces": {
          "north": {"uv": [0, 0, 1, 1], "texture": "#0"},
          "east": {"uv": [0, 0, 1, 1], "texture": "#0"},
          "south": {"uv": [0, 0, 1, 1], "texture": "#0"},
          "west": {"uv": [0, 0, 1, 1], "texture": "#0"},
          "up": {"uv": [0, 0, 1, 1], "texture": "#0"},
          "down": {"uv": [0, 0, 1, 1], "texture": "#0"}
      }
  },
  {
     "from": [6.25, 7.5, 4.25],
     "to": [9.75, 8.5, 11.75],
      "faces": {
          "north": {"uv": [0, 0, 1, 1], "texture": "#0"},
          "east": {"uv": [0, 0, 1, 1], "texture": "#0"},
          "south": {"uv": [0, 0, 1, 1], "texture": "#0"},
          "west": {"uv": [0, 0, 1, 1], "texture": "#0"},
          "up": {"uv": [0, 0, 1, 1], "texture": "#0"},
          "down": {"uv": [0, 0, 1, 1], "texture": "#0"}
      }
  },
  {
     "from": [7.75, 5.75, 4.5],
     "to": [8.25, 10.25, 11.5],
      "faces": {
          "north": {"uv": [0, 0, 1, 1], "texture": "#0"},
          "east": {"uv": [0, 0, 1, 1], "texture": "#0"},
          "south": {"uv": [0, 0, 1, 1], "texture": "#0"},
          "west": {"uv": [0, 0, 1, 1], "texture": "#0"},
          "up": {"uv": [0, 0, 1, 1], "texture": "#0"},
          "down": {"uv": [0, 0, 1, 1], "texture": "#0"}
      }
  },
  {
     "from": [7.0, 6.0, 4.5],
     "to": [9.0, 10.0, 11.5],
      "faces": {
          "north": {"uv": [0, 0, 1, 1], "texture": "#0"},
          "east": {"uv": [0, 0, 1, 1], "texture": "#0"},
          "south": {"uv": [0, 0, 1, 1], "texture": "#0"},
          "west": {"uv": [0, 0, 1, 1], "texture": "#0"},
          "up": {"uv": [0, 0, 1, 1], "texture": "#0"},
          "down": {"uv": [0, 0, 1, 1], "texture": "#0"}
      }
  },
  {
     "from": [6.5, 6.25, 4.5],
     "to": [9.5, 9.75, 11.5],
      "faces": {
          "north": {"uv": [0, 0, 1, 1], "texture": "#0"},
          "east": {"uv": [0, 0, 1, 1], "texture": "#0"},
          "south": {"uv": [0, 0, 1, 1], "texture": "#0"},
          "west": {"uv": [0, 0, 1, 1], "texture": "#0"},
          "up": {"uv": [0, 0, 1, 1], "texture": "#0"},
          "down": {"uv": [0, 0, 1, 1], "texture": "#0"}
      }
  },
  {
     "from": [6.25, 6.5, 4.5],
     "to": [9.75, 9.5, 11.5],
      "faces": {
          "north": {"uv": [0, 0, 1, 1], "texture": "#0"},
          "east": {"uv": [0, 0, 1, 1], "texture": "#0"},
          "south": {"uv": [0, 0, 1, 1], "texture": "#0"},
          "west": {"uv": [0, 0, 1, 1], "texture": "#0"},
          "up": {"uv": [0, 0, 1, 1], "texture": "#0"},
          "down": {"uv": [0, 0, 1, 1], "texture": "#0"}
      }
  },
  {
     "from": [6.0, 7.0, 4.5],
     "to": [10.0, 9.0, 11.5],
      "faces": {
          "north": {"uv": [0, 0, 1, 1], "texture": "#0"},
          "east": {"uv": [0, 0, 1, 1], "texture": "#0"},
          "south": {"uv": [0, 0, 1, 1], "texture": "#0"},
          "west": {"uv": [0, 0, 1, 1], "texture": "#0"},
          "up": {"uv": [0, 0, 1, 1], "texture": "#0"},
          "down": {"uv": [0, 0, 1, 1], "texture": "#0"}
      }
  },
  {
     "from": [5.75, 7.75, 4.5],
     "to": [10.25, 8.25, 11.5],
      "faces": {
          "north": {"uv": [0, 0, 1, 1], "texture": "#0"},
          "east": {"uv": [0, 0, 1, 1], "texture": "#0"},
          "south": {"uv": [0, 0, 1, 1], "texture": "#0"},
          "west": {"uv": [0, 0, 1, 1], "texture": "#0"},
          "up": {"uv": [0, 0, 1, 1], "texture": "#0"},
          "down": {"uv": [0, 0, 1, 1], "texture": "#0"}
      }
  },
  {
     "from": [7.25, 5.5, 4.75],
     "to": [8.75, 10.5, 11.25],
      "faces": {
          "north": {"uv": [0, 0, 1, 1], "texture": "#0"},
          "east": {"uv": [0, 0, 1, 1], "texture": "#0"},
          "south": {"uv": [0, 0, 1, 1], "texture": "#0"},
          "west": {"uv": [0, 0, 1, 1], "texture": "#0"},
          "up": {"uv": [0, 0, 1, 1], "texture": "#0"},
          "down": {"uv": [0, 0, 1, 1], "texture": "#0"}
      }
  },
  {
     "from": [6.75, 5.75, 4.75],
     "to": [9.25, 10.25, 11.25],
      "faces": {
          "north": {"uv": [0, 0, 1, 1], "texture": "#0"},
          "east": {"uv": [0, 0, 1, 1], "texture": "#0"},
          "south": {"uv": [0, 0, 1, 1], "texture": "#0"},
          "west": {"uv": [0, 0, 1, 1], "texture": "#0"},
          "up": {"uv": [0, 0, 1, 1], "texture": "#0"},
          "down": {"uv": [0, 0, 1, 1], "texture": "#0"}
      }
  },
  {
     "from": [6.25, 6.0, 4.75],
     "to": [9.75, 10.0, 11.25],
      "faces": {
          "north": {"uv": [0, 0, 1, 1], "texture": "#0"},
          "east": {"uv": [0, 0, 1, 1], "texture": "#0"},
          "south": {"uv": [0, 0, 1, 1], "texture": "#0"},
          "west": {"uv": [0, 0, 1, 1], "texture": "#0"},
          "up": {"uv": [0, 0, 1, 1], "texture": "#0"},
          "down": {"uv": [0, 0, 1, 1], "texture": "#0"}
      }
  },
  {
     "from": [6.0, 6.25, 4.75],
     "to": [10.0, 9.75, 11.25],
      "faces": {
          "north": {"uv": [0, 0, 1, 1], "texture": "#0"},
          "east": {"uv": [0, 0, 1, 1], "texture": "#0"},
          "south": {"uv": [0, 0, 1, 1], "texture": "#0"},
          "west": {"uv": [0, 0, 1, 1], "texture": "#0"},
          "up": {"uv": [0, 0, 1, 1], "texture": "#0"},
          "down": {"uv": [0, 0, 1, 1], "texture": "#0"}
      }
  },
  {
     "from": [5.75, 6.75, 4.75],
     "to": [10.25, 9.25, 11.25],
      "faces": {
          "north": {"uv": [0, 0, 1, 1], "texture": "#0"},
          "east": {"uv": [0, 0, 1, 1], "texture": "#0"},
          "south": {"uv": [0, 0, 1, 1], "texture": "#0"},
          "west": {"uv": [0, 0, 1, 1], "texture": "#0"},
          "up": {"uv": [0, 0, 1, 1], "texture": "#0"},
          "down": {"uv": [0, 0, 1, 1], "texture": "#0"}
      }
  },
  {
     "from": [5.5, 7.25, 4.75],
     "to": [10.5, 8.75, 11.25],
      "faces": {
          "north": {"uv": [0, 0, 1, 1], "texture": "#0"},
          "east": {"uv": [0, 0, 1, 1], "texture": "#0"},
          "south": {"uv": [0, 0, 1, 1], "texture": "#0"},
          "west": {"uv": [0, 0, 1, 1], "texture": "#0"},
          "up": {"uv": [0, 0, 1, 1], "texture": "#0"},
          "down": {"uv": [0, 0, 1, 1], "texture": "#0"}
      }
  },
  {
     "from": [7.0, 5.25, 5.0],
     "to": [9.0, 10.75, 11.0],
      "faces": {
          "north": {"uv": [0, 0, 1, 1], "texture": "#0"},
          "east": {"uv": [0, 0, 1, 1], "texture": "#0"},
          "south": {"uv": [0, 0, 1, 1], "texture": "#0"},
          "west": {"uv": [0, 0, 1, 1], "texture": "#0"},
          "up": {"uv": [0, 0, 1, 1], "texture": "#0"},
          "down": {"uv": [0, 0, 1, 1], "texture": "#0"}
      }
  },
  {
     "from": [6.5, 5.5, 5.0],
     "to": [9.5, 10.5, 11.0],
      "faces": {
          "north": {"uv": [0, 0, 1, 1], "texture": "#0"},
          "east": {"uv": [0, 0, 1, 1], "texture": "#0"},
          "south": {"uv": [0, 0, 1, 1], "texture": "#0"},
          "west": {"uv": [0, 0, 1, 1], "texture": "#0"},
          "up": {"uv": [0, 0, 1, 1], "texture": "#0"},
          "down": {"uv": [0, 0, 1, 1], "texture": "#0"}
      }
  },
  {
     "from": [6.25, 5.75, 5.0],
     "to": [9.75, 10.25, 11.0],
      "faces": {
          "north": {"uv": [0, 0, 1, 1], "texture": "#0"},
          "east": {"uv": [0, 0, 1, 1], "texture": "#0"},
          "south": {"uv": [0, 0, 1, 1], "texture": "#0"},
          "west": {"uv": [0, 0, 1, 1], "texture": "#0"},
          "up": {"uv": [0, 0, 1, 1], "texture": "#0"},
          "down": {"uv": [0, 0, 1, 1], "texture": "#0"}
      }
  },
  {
     "from": [6.0, 6.0, 5.0],
     "to": [10.0, 10.0, 11.0],
      "faces": {
          "north": {"uv": [0, 0, 1, 1], "texture": "#0"},
          "east": {"uv": [0, 0, 1, 1], "texture": "#0"},
          "south": {"uv": [0, 0, 1, 1], "texture": "#0"},
          "west": {"uv": [0, 0, 1, 1], "texture": "#0"},
          "up": {"uv": [0, 0, 1, 1], "texture": "#0"},
          "down": {"uv": [0, 0, 1, 1], "texture": "#0"}
      }
  },
  {
     "from": [5.75, 6.25, 5.0],
     "to": [10.25, 9.75, 11.0],
      "faces": {
          "north": {"uv": [0, 0, 1, 1], "texture": "#0"},
          "east": {"uv": [0, 0, 1, 1], "texture": "#0"},
          "south": {"uv": [0, 0, 1, 1], "texture": "#0"},
          "west": {"uv": [0, 0, 1, 1], "texture": "#0"},
          "up": {"uv": [0, 0, 1, 1], "texture": "#0"},
          "down": {"uv": [0, 0, 1, 1], "texture": "#0"}
      }
  },
  {
     "from": [5.5, 6.5, 5.0],
     "to": [10.5, 9.5, 11.0],
      "faces": {
          "north": {"uv": [0, 0, 1, 1], "texture": "#0"},
          "east": {"uv": [0, 0, 1, 1], "texture": "#0"},
          "south": {"uv": [0, 0, 1, 1], "texture": "#0"},
          "west": {"uv": [0, 0, 1, 1], "texture": "#0"},
          "up": {"uv": [0, 0, 1, 1], "texture": "#0"},
          "down": {"uv": [0, 0, 1, 1], "texture": "#0"}
      }
  },
  {
     "from": [5.25, 7.0, 5.0],
     "to": [10.75, 9.0, 11.0],
      "faces": {
          "north": {"uv": [0, 0, 1, 1], "texture": "#0"},
          "east": {"uv": [0, 0, 1, 1], "texture": "#0"},
          "south": {"uv": [0, 0, 1, 1], "texture": "#0"},
          "west": {"uv": [0, 0, 1, 1], "texture": "#0"},
          "up": {"uv": [0, 0, 1, 1], "texture": "#0"},
          "down": {"uv": [0, 0, 1, 1], "texture": "#0"}
      }
  },
  {
     "from": [7.0, 5.0, 5.25],
     "to": [9.0, 11.0, 10.75],
      "faces": {
          "north": {"uv": [0, 0, 1, 1], "texture": "#0"},
          "east": {"uv": [0, 0, 1, 1], "texture": "#0"},
          "south": {"uv": [0, 0, 1, 1], "texture": "#0"},
          "west": {"uv": [0, 0, 1, 1], "texture": "#0"},
          "up": {"uv": [0, 0, 1, 1], "texture": "#0"},
          "down": {"uv": [0, 0, 1, 1], "texture": "#0"}
      }
  },
  {
     "from": [6.5, 5.25, 5.25],
     "to": [9.5, 10.75, 10.75],
      "faces": {
          "north": {"uv": [0, 0, 1, 1], "texture": "#0"},
          "east": {"uv": [0, 0, 1, 1], "texture": "#0"},
          "south": {"uv": [0, 0, 1, 1], "texture": "#0"},
          "west": {"uv": [0, 0, 1, 1], "texture": "#0"},
          "up": {"uv": [0, 0, 1, 1], "texture": "#0"},
          "down": {"uv": [0, 0, 1, 1], "texture": "#0"}
      }
  },
  {
     "from": [6.25, 5.5, 5.25],
     "to": [9.75, 10.5, 10.75],
      "faces": {
          "north": {"uv": [0, 0, 1, 1], "texture": "#0"},
          "east": {"uv": [0, 0, 1, 1], "texture": "#0"},
          "south": {"uv": [0, 0, 1, 1], "texture": "#0"},
          "west": {"uv": [0, 0, 1, 1], "texture": "#0"},
          "up": {"uv": [0, 0, 1, 1], "texture": "#0"},
          "down": {"uv": [0, 0, 1, 1], "texture": "#0"}
      }
  },
  {
     "from": [5.75, 5.75, 5.25],
     "to": [10.25, 10.25, 10.75],
      "faces": {
          "north": {"uv": [0, 0, 1, 1], "texture": "#0"},
          "east": {"uv": [0, 0, 1, 1], "texture": "#0"},
          "south": {"uv": [0, 0, 1, 1], "texture": "#0"},
          "west": {"uv": [0, 0, 1, 1], "texture": "#0"},
          "up": {"uv": [0, 0, 1, 1], "texture": "#0"},
          "down": {"uv": [0, 0, 1, 1], "texture": "#0"}
      }
  },
  {
     "from": [5.5, 6.25, 5.25],
     "to": [10.5, 9.75, 10.75],
      "faces": {
          "north": {"uv": [0, 0, 1, 1], "texture": "#0"},
          "east": {"uv": [0, 0, 1, 1], "texture": "#0"},
          "south": {"uv": [0, 0, 1, 1], "texture": "#0"},
          "west": {"uv": [0, 0, 1, 1], "texture": "#0"},
          "up": {"uv": [0, 0, 1, 1], "texture": "#0"},
          "down": {"uv": [0, 0, 1, 1], "texture": "#0"}
      }
  },
  {
     "from": [5.25, 6.5, 5.25],
     "to": [10.75, 9.5, 10.75],
      "faces": {
          "north": {"uv": [0, 0, 1, 1], "texture": "#0"},
          "east": {"uv": [0, 0, 1, 1], "texture": "#0"},
          "south": {"uv": [0, 0, 1, 1], "texture": "#0"},
          "west": {"uv": [0, 0, 1, 1], "texture": "#0"},
          "up": {"uv": [0, 0, 1, 1], "texture": "#0"},
          "down": {"uv": [0, 0, 1, 1], "texture": "#0"}
      }
  },
  {
     "from": [5.0, 7.0, 5.25],
     "to": [11.0, 9.0, 10.75],
      "faces": {
          "north": {"uv": [0, 0, 1, 1], "texture": "#0"},
          "east": {"uv": [0, 0, 1, 1], "texture": "#0"},
          "south": {"uv": [0, 0, 1, 1], "texture": "#0"},
          "west": {"uv": [0, 0, 1, 1], "texture": "#0"},
          "up": {"uv": [0, 0, 1, 1], "texture": "#0"},
          "down": {"uv": [0, 0, 1, 1], "texture": "#0"}
      }
  },
  {
     "from": [7.25, 4.75, 5.5],
     "to": [8.75, 11.25, 10.5],
      "faces": {
          "north": {"uv": [0, 0, 1, 1], "texture": "#0"},
          "east": {"uv": [0, 0, 1, 1], "texture": "#0"},
          "south": {"uv": [0, 0, 1, 1], "texture": "#0"},
          "west": {"uv": [0, 0, 1, 1], "texture": "#0"},
          "up": {"uv": [0, 0, 1, 1], "texture": "#0"},
          "down": {"uv": [0, 0, 1, 1], "texture": "#0"}
      }
  },
  {
     "from": [6.5, 5.0, 5.5],
     "to": [9.5, 11.0, 10.5],
      "faces": {
          "north": {"uv": [0, 0, 1, 1], "texture": "#0"},
          "east": {"uv": [0, 0, 1, 1], "texture": "#0"},
          "south": {"uv": [0, 0, 1, 1], "texture": "#0"},
          "west": {"uv": [0, 0, 1, 1], "texture": "#0"},
          "up": {"uv": [0, 0, 1, 1], "texture": "#0"},
          "down": {"uv": [0, 0, 1, 1], "texture": "#0"}
      }
  },
  {
     "from": [6.25, 5.25, 5.5],
     "to": [9.75, 10.75, 10.5],
      "faces": {
          "north": {"uv": [0, 0, 1, 1], "texture": "#0"},
          "east": {"uv": [0, 0, 1, 1], "texture": "#0"},
          "south": {"uv": [0, 0, 1, 1], "texture": "#0"},
          "west": {"uv": [0, 0, 1, 1], "texture": "#0"},
          "up": {"uv": [0, 0, 1, 1], "texture": "#0"},
          "down": {"uv": [0, 0, 1, 1], "texture": "#0"}
      }
  },
  {
     "from": [5.75, 5.5, 5.5],
     "to": [10.25, 10.5, 10.5],
      "faces": {
          "north": {"uv": [0, 0, 1, 1], "texture": "#0"},
          "east": {"uv": [0, 0, 1, 1], "texture": "#0"},
          "south": {"uv": [0, 0, 1, 1], "texture": "#0"},
          "west": {"uv": [0, 0, 1, 1], "texture": "#0"},
          "up": {"uv": [0, 0, 1, 1], "texture": "#0"},
          "down": {"uv": [0, 0, 1, 1], "texture": "#0"}
      }
  },
  {
     "from": [5.5, 5.75, 5.5],
     "to": [10.5, 10.25, 10.5],
      "faces": {
          "north": {"uv": [0, 0, 1, 1], "texture": "#0"},
          "east": {"uv": [0, 0, 1, 1], "texture": "#0"},
          "south": {"uv": [0, 0, 1, 1], "texture": "#0"},
          "west": {"uv": [0, 0, 1, 1], "texture": "#0"},
          "up": {"uv": [0, 0, 1, 1], "texture": "#0"},
          "down": {"uv": [0, 0, 1, 1], "texture": "#0"}
      }
  },
  {
     "from": [5.25, 6.25, 5.5],
     "to": [10.75, 9.75, 10.5],
      "faces": {
          "north": {"uv": [0, 0, 1, 1], "texture": "#0"},
          "east": {"uv": [0, 0, 1, 1], "texture": "#0"},
          "south": {"uv": [0, 0, 1, 1], "texture": "#0"},
          "west": {"uv": [0, 0, 1, 1], "texture": "#0"},
          "up": {"uv": [0, 0, 1, 1], "texture": "#0"},
          "down": {"uv": [0, 0, 1, 1], "texture": "#0"}
      }
  },
  {
     "from": [5.0, 6.5, 5.5],
     "to": [11.0, 9.5, 10.5],
      "faces": {
          "north": {"uv": [0, 0, 1, 1], "texture": "#0"},
          "east": {"uv": [0, 0, 1, 1], "texture": "#0"},
          "south": {"uv": [0, 0, 1, 1], "texture": "#0"},
          "west": {"uv": [0, 0, 1, 1], "texture": "#0"},
          "up": {"uv": [0, 0, 1, 1], "texture": "#0"},
          "down": {"uv": [0, 0, 1, 1], "texture": "#0"}
      }
  },
  {
     "from": [4.75, 7.25, 5.5],
     "to": [11.25, 8.75, 10.5],
      "faces": {
          "north": {"uv": [0, 0, 1, 1], "texture": "#0"},
          "east": {"uv": [0, 0, 1, 1], "texture": "#0"},
          "south": {"uv": [0, 0, 1, 1], "texture": "#0"},
          "west": {"uv": [0, 0, 1, 1], "texture": "#0"},
          "up": {"uv": [0, 0, 1, 1], "texture": "#0"},
          "down": {"uv": [0, 0, 1, 1], "texture": "#0"}
      }
  },
  {
     "from": [7.75, 4.5, 5.75],
     "to": [8.25, 11.5, 10.25],
      "faces": {
          "north": {"uv": [0, 0, 1, 1], "texture": "#0"},
          "east": {"uv": [0, 0, 1, 1], "texture": "#0"},
          "south": {"uv": [0, 0, 1, 1], "texture": "#0"},
          "west": {"uv": [0, 0, 1, 1], "texture": "#0"},
          "up": {"uv": [0, 0, 1, 1], "texture": "#0"},
          "down": {"uv": [0, 0, 1, 1], "texture": "#0"}
      }
  },
  {
     "from": [6.75, 4.75, 5.75],
     "to": [9.25, 11.25, 10.25],
      "faces": {
          "north": {"uv": [0, 0, 1, 1], "texture": "#0"},
          "east": {"uv": [0, 0, 1, 1], "texture": "#0"},
          "south": {"uv": [0, 0, 1, 1], "texture": "#0"},
          "west": {"uv": [0, 0, 1, 1], "texture": "#0"},
          "up": {"uv": [0, 0, 1, 1], "texture": "#0"},
          "down": {"uv": [0, 0, 1, 1], "texture": "#0"}
      }
  },
  {
     "from": [6.25, 5.0, 5.75],
     "to": [9.75, 11.0, 10.25],
      "faces": {
          "north": {"uv": [0, 0, 1, 1], "texture": "#0"},
          "east": {"uv": [0, 0, 1, 1], "texture": "#0"},
          "south": {"uv": [0, 0, 1, 1], "texture": "#0"},
          "west": {"uv": [0, 0, 1, 1], "texture": "#0"},
          "up": {"uv": [0, 0, 1, 1], "texture": "#0"},
          "down": {"uv": [0, 0, 1, 1], "texture": "#0"}
      }
  },
  {
     "from": [5.75, 5.25, 5.75],
     "to": [10.25, 10.75, 10.25],
      "faces": {
          "north": {"uv": [0, 0, 1, 1], "texture": "#0"},
          "east": {"uv": [0, 0, 1, 1], "texture": "#0"},
          "south": {"uv": [0, 0, 1, 1], "texture": "#0"},
          "west": {"uv": [0, 0, 1, 1], "texture": "#0"},
          "up": {"uv": [0, 0, 1, 1], "texture": "#0"},
          "down": {"uv": [0, 0, 1, 1], "texture": "#0"}
      }
  },
  {
     "from": [5.5, 5.5, 5.75],
     "to": [10.5, 10.5, 10.25],
      "faces": {
          "north": {"uv": [0, 0, 1, 1], "texture": "#0"},
          "east": {"uv": [0, 0, 1, 1], "texture": "#0"},
          "south": {"uv": [0, 0, 1, 1], "texture": "#0"},
          "west": {"uv": [0, 0, 1, 1], "texture": "#0"},
          "up": {"uv": [0, 0, 1, 1], "texture": "#0"},
          "down": {"uv": [0, 0, 1, 1], "texture": "#0"}
      }
  },
  {
     "from": [5.25, 5.75, 5.75],
     "to": [10.75, 10.25, 10.25],
      "faces": {
          "north": {"uv": [0, 0, 1, 1], "texture": "#0"},
          "east": {"uv": [0, 0, 1, 1], "texture": "#0"},
          "south": {"uv": [0, 0, 1, 1], "texture": "#0"},
          "west": {"uv": [0, 0, 1, 1], "texture": "#0"},
          "up": {"uv": [0, 0, 1, 1], "texture": "#0"},
          "down": {"uv": [0, 0, 1, 1], "texture": "#0"}
      }
  },
  {
     "from": [5.0, 6.25, 5.75],
     "to": [11.0, 9.75, 10.25],
      "faces": {
          "north": {"uv": [0, 0, 1, 1], "texture": "#0"},
          "east": {"uv": [0, 0, 1, 1], "texture": "#0"},
          "south": {"uv": [0, 0, 1, 1], "texture": "#0"},
          "west": {"uv": [0, 0, 1, 1], "texture": "#0"},
          "up": {"uv": [0, 0, 1, 1], "texture": "#0"},
          "down": {"uv": [0, 0, 1, 1], "texture": "#0"}
      }
  },
  {
     "from": [4.75, 6.75, 5.75],
     "to": [11.25, 9.25, 10.25],
      "faces": {
          "north": {"uv": [0, 0, 1, 1], "texture": "#0"},
          "east": {"uv": [0, 0, 1, 1], "texture": "#0"},
          "south": {"uv": [0, 0, 1, 1], "texture": "#0"},
          "west": {"uv": [0, 0, 1, 1], "texture": "#0"},
          "up": {"uv": [0, 0, 1, 1], "texture": "#0"},
          "down": {"uv": [0, 0, 1, 1], "texture": "#0"}
      }
  },
  {
     "from": [4.5, 7.75, 5.75],
     "to": [11.5, 8.25, 10.25],
      "faces": {
          "north": {"uv": [0, 0, 1, 1], "texture": "#0"},
          "east": {"uv": [0, 0, 1, 1], "texture": "#0"},
          "south": {"uv": [0, 0, 1, 1], "texture": "#0"},
          "west": {"uv": [0, 0, 1, 1], "texture": "#0"},
          "up": {"uv": [0, 0, 1, 1], "texture": "#0"},
          "down": {"uv": [0, 0, 1, 1], "texture": "#0"}
      }
  },
  {
     "from": [7.0, 4.5, 6.0],
     "to": [9.0, 11.5, 10.0],
      "faces": {
          "north": {"uv": [0, 0, 1, 1], "texture": "#0"},
          "east": {"uv": [0, 0, 1, 1], "texture": "#0"},
          "south": {"uv": [0, 0, 1, 1], "texture": "#0"},
          "west": {"uv": [0, 0, 1, 1], "texture": "#0"},
          "up": {"uv": [0, 0, 1, 1], "texture": "#0"},
          "down": {"uv": [0, 0, 1, 1], "texture": "#0"}
      }
  },
  {
     "from": [6.25, 4.75, 6.0],
     "to": [9.75, 11.25, 10.0],
      "faces": {
          "north": {"uv": [0, 0, 1, 1], "texture": "#0"},
          "east": {"uv": [0, 0, 1, 1], "texture": "#0"},
          "south": {"uv": [0, 0, 1, 1], "texture": "#0"},
          "west": {"uv": [0, 0, 1, 1], "texture": "#0"},
          "up": {"uv": [0, 0, 1, 1], "texture": "#0"},
          "down": {"uv": [0, 0, 1, 1], "texture": "#0"}
      }
  },
  {
     "from": [6.0, 5.0, 6.0],
     "to": [10.0, 11.0, 10.0],
      "faces": {
          "north": {"uv": [0, 0, 1, 1], "texture": "#0"},
          "east": {"uv": [0, 0, 1, 1], "texture": "#0"},
          "south": {"uv": [0, 0, 1, 1], "texture": "#0"},
          "west": {"uv": [0, 0, 1, 1], "texture": "#0"},
          "up": {"uv": [0, 0, 1, 1], "texture": "#0"},
          "down": {"uv": [0, 0, 1, 1], "texture": "#0"}
      }
  },
  {
     "from": [5.0, 6.0, 6.0],
     "to": [11.0, 10.0, 10.0],
      "faces": {
          "north": {"uv": [0, 0, 1, 1], "texture": "#0"},
          "east": {"uv": [0, 0, 1, 1], "texture": "#0"},
          "south": {"uv": [0, 0, 1, 1], "texture": "#0"},
          "west": {"uv": [0, 0, 1, 1], "texture": "#0"},
          "up": {"uv": [0, 0, 1, 1], "texture": "#0"},
          "down": {"uv": [0, 0, 1, 1], "texture": "#0"}
      }
  },
  {
     "from": [4.75, 6.25, 6.0],
     "to": [11.25, 9.75, 10.0],
      "faces": {
          "north": {"uv": [0, 0, 1, 1], "texture": "#0"},
          "east": {"uv": [0, 0, 1, 1], "texture": "#0"},
          "south": {"uv": [0, 0, 1, 1], "texture": "#0"},
          "west": {"uv": [0, 0, 1, 1], "texture": "#0"},
          "up": {"uv": [0, 0, 1, 1], "texture": "#0"},
          "down": {"uv": [0, 0, 1, 1], "texture": "#0"}
      }
  },
  {
     "from": [4.5, 7.0, 6.0],
     "to": [11.5, 9.0, 10.0],
      "faces": {
          "north": {"uv": [0, 0, 1, 1], "texture": "#0"},
          "east": {"uv": [0, 0, 1, 1], "texture": "#0"},
          "south": {"uv": [0, 0, 1, 1], "texture": "#0"},
          "west": {"uv": [0, 0, 1, 1], "texture": "#0"},
          "up": {"uv": [0, 0, 1, 1], "texture": "#0"},
          "down": {"uv": [0, 0, 1, 1], "texture": "#0"}
      }
  },
  {
     "from": [7.5, 4.25, 6.25],
     "to": [8.5, 11.75, 9.75],
      "faces": {
          "north": {"uv": [0, 0, 1, 1], "texture": "#0"},
          "east": {"uv": [0, 0, 1, 1], "texture": "#0"},
          "south": {"uv": [0, 0, 1, 1], "texture": "#0"},
          "west": {"uv": [0, 0, 1, 1], "texture": "#0"},
          "up": {"uv": [0, 0, 1, 1], "texture": "#0"},
          "down": {"uv": [0, 0, 1, 1], "texture": "#0"}
      }
  },
  {
     "from": [6.5, 4.5, 6.25],
     "to": [9.5, 11.5, 9.75],
      "faces": {
          "north": {"uv": [0, 0, 1, 1], "texture": "#0"},
          "east": {"uv": [0, 0, 1, 1], "texture": "#0"},
          "south": {"uv": [0, 0, 1, 1], "texture": "#0"},
          "west": {"uv": [0, 0, 1, 1], "texture": "#0"},
          "up": {"uv": [0, 0, 1, 1], "texture": "#0"},
          "down": {"uv": [0, 0, 1, 1], "texture": "#0"}
      }
  },
  {
     "from": [6.0, 4.75, 6.25],
     "to": [10.0, 11.25, 9.75],
      "faces": {
          "north": {"uv": [0, 0, 1, 1], "texture": "#0"},
          "east": {"uv": [0, 0, 1, 1], "texture": "#0"},
          "south": {"uv": [0, 0, 1, 1], "texture": "#0"},
          "west": {"uv": [0, 0, 1, 1], "texture": "#0"},
          "up": {"uv": [0, 0, 1, 1], "texture": "#0"},
          "down": {"uv": [0, 0, 1, 1], "texture": "#0"}
      }
  },
  {
     "from": [5.75, 5.0, 6.25],
     "to": [10.25, 11.0, 9.75],
      "faces": {
          "north": {"uv": [0, 0, 1, 1], "texture": "#0"},
          "east": {"uv": [0, 0, 1, 1], "texture": "#0"},
          "south": {"uv": [0, 0, 1, 1], "texture": "#0"},
          "west": {"uv": [0, 0, 1, 1], "texture": "#0"},
          "up": {"uv": [0, 0, 1, 1], "texture": "#0"},
          "down": {"uv": [0, 0, 1, 1], "texture": "#0"}
      }
  },
  {
     "from": [5.5, 5.25, 6.25],
     "to": [10.5, 10.75, 9.75],
      "faces": {
          "north": {"uv": [0, 0, 1, 1], "texture": "#0"},
          "east": {"uv": [0, 0, 1, 1], "texture": "#0"},
          "south": {"uv": [0, 0, 1, 1], "texture": "#0"},
          "west": {"uv": [0, 0, 1, 1], "texture": "#0"},
          "up": {"uv": [0, 0, 1, 1], "texture": "#0"},
          "down": {"uv": [0, 0, 1, 1], "texture": "#0"}
      }
  },
  {
     "from": [5.25, 5.5, 6.25],
     "to": [10.75, 10.5, 9.75],
      "faces": {
          "north": {"uv": [0, 0, 1, 1], "texture": "#0"},
          "east": {"uv": [0, 0, 1, 1], "texture": "#0"},
          "south": {"uv": [0, 0, 1, 1], "texture": "#0"},
          "west": {"uv": [0, 0, 1, 1], "texture": "#0"},
          "up": {"uv": [0, 0, 1, 1], "texture": "#0"},
          "down": {"uv": [0, 0, 1, 1], "texture": "#0"}
      }
  },
  {
     "from": [5.0, 5.75, 6.25],
     "to": [11.0, 10.25, 9.75],
      "faces": {
          "north": {"uv": [0, 0, 1, 1], "texture": "#0"},
          "east": {"uv": [0, 0, 1, 1], "texture": "#0"},
          "south": {"uv": [0, 0, 1, 1], "texture": "#0"},
          "west": {"uv": [0, 0, 1, 1], "texture": "#0"},
          "up": {"uv": [0, 0, 1, 1], "texture": "#0"},
          "down": {"uv": [0, 0, 1, 1], "texture": "#0"}
      }
  },
  {
     "from": [4.75, 6.0, 6.25],
     "to": [11.25, 10.0, 9.75],
      "faces": {
          "north": {"uv": [0, 0, 1, 1], "texture": "#0"},
          "east": {"uv": [0, 0, 1, 1], "texture": "#0"},
          "south": {"uv": [0, 0, 1, 1], "texture": "#0"},
          "west": {"uv": [0, 0, 1, 1], "texture": "#0"},
          "up": {"uv": [0, 0, 1, 1], "texture": "#0"},
          "down": {"uv": [0, 0, 1, 1], "texture": "#0"}
      }
  },
  {
     "from": [4.5, 6.5, 6.25],
     "to": [11.5, 9.5, 9.75],
      "faces": {
          "north": {"uv": [0, 0, 1, 1], "texture": "#0"},
          "east": {"uv": [0, 0, 1, 1], "texture": "#0"},
          "south": {"uv": [0, 0, 1, 1], "texture": "#0"},
          "west": {"uv": [0, 0, 1, 1], "texture": "#0"},
          "up": {"uv": [0, 0, 1, 1], "texture": "#0"},
          "down": {"uv": [0, 0, 1, 1], "texture": "#0"}
      }
  },
  {
     "from": [4.25, 7.5, 6.25],
     "to": [11.75, 8.5, 9.75],
      "faces": {
          "north": {"uv": [0, 0, 1, 1], "texture": "#0"},
          "east": {"uv": [0, 0, 1, 1], "texture": "#0"},
          "south": {"uv": [0, 0, 1, 1], "texture": "#0"},
          "west": {"uv": [0, 0, 1, 1], "texture": "#0"},
          "up": {"uv": [0, 0, 1, 1], "texture": "#0"},
          "down": {"uv": [0, 0, 1, 1], "texture": "#0"}
      }
  },
  {
     "from": [7.0, 4.25, 6.5],
     "to": [9.0, 11.75, 9.5],
      "faces": {
          "north": {"uv": [0, 0, 1, 1], "texture": "#0"},
          "east": {"uv": [0, 0, 1, 1], "texture": "#0"},
          "south": {"uv": [0, 0, 1, 1], "texture": "#0"},
          "west": {"uv": [0, 0, 1, 1], "texture": "#0"},
          "up": {"uv": [0, 0, 1, 1], "texture": "#0"},
          "down": {"uv": [0, 0, 1, 1], "texture": "#0"}
      }
  },
  {
     "from": [6.25, 4.5, 6.5],
     "to": [9.75, 11.5, 9.5],
      "faces": {
          "north": {"uv": [0, 0, 1, 1], "texture": "#0"},
          "east": {"uv": [0, 0, 1, 1], "texture": "#0"},
          "south": {"uv": [0, 0, 1, 1], "texture": "#0"},
          "west": {"uv": [0, 0, 1, 1], "texture": "#0"},
          "up": {"uv": [0, 0, 1, 1], "texture": "#0"},
          "down": {"uv": [0, 0, 1, 1], "texture": "#0"}
      }
  },
  {
     "from": [5.5, 5.0, 6.5],
     "to": [10.5, 11.0, 9.5],
      "faces": {
          "north": {"uv": [0, 0, 1, 1], "texture": "#0"},
          "east": {"uv": [0, 0, 1, 1], "texture": "#0"},
          "south": {"uv": [0, 0, 1, 1], "texture": "#0"},
          "west": {"uv": [0, 0, 1, 1], "texture": "#0"},
          "up": {"uv": [0, 0, 1, 1], "texture": "#0"},
          "down": {"uv": [0, 0, 1, 1], "texture": "#0"}
      }
  },
  {
     "from": [5.25, 5.25, 6.5],
     "to": [10.75, 10.75, 9.5],
      "faces": {
          "north": {"uv": [0, 0, 1, 1], "texture": "#0"},
          "east": {"uv": [0, 0, 1, 1], "texture": "#0"},
          "south": {"uv": [0, 0, 1, 1], "texture": "#0"},
          "west": {"uv": [0, 0, 1, 1], "texture": "#0"},
          "up": {"uv": [0, 0, 1, 1], "texture": "#0"},
          "down": {"uv": [0, 0, 1, 1], "texture": "#0"}
      }
  },
  {
     "from": [5.0, 5.5, 6.5],
     "to": [11.0, 10.5, 9.5],
      "faces": {
          "north": {"uv": [0, 0, 1, 1], "texture": "#0"},
          "east": {"uv": [0, 0, 1, 1], "texture": "#0"},
          "south": {"uv": [0, 0, 1, 1], "texture": "#0"},
          "west": {"uv": [0, 0, 1, 1], "texture": "#0"},
          "up": {"uv": [0, 0, 1, 1], "texture": "#0"},
          "down": {"uv": [0, 0, 1, 1], "texture": "#0"}
      }
  },
  {
     "from": [4.5, 6.25, 6.5],
     "to": [11.5, 9.75, 9.5],
      "faces": {
          "north": {"uv": [0, 0, 1, 1], "texture": "#0"},
          "east": {"uv": [0, 0, 1, 1], "texture": "#0"},
          "south": {"uv": [0, 0, 1, 1], "texture": "#0"},
          "west": {"uv": [0, 0, 1, 1], "texture": "#0"},
          "up": {"uv": [0, 0, 1, 1], "texture": "#0"},
          "down": {"uv": [0, 0, 1, 1], "texture": "#0"}
      }
  },
  {
     "from": [4.25, 7.0, 6.5],
     "to": [11.75, 9.0, 9.5],
      "faces": {
          "north": {"uv": [0, 0, 1, 1], "texture": "#0"},
          "east": {"uv": [0, 0, 1, 1], "texture": "#0"},
          "south": {"uv": [0, 0, 1, 1], "texture": "#0"},
          "west": {"uv": [0, 0, 1, 1], "texture": "#0"},
          "up": {"uv": [0, 0, 1, 1], "texture": "#0"},
          "down": {"uv": [0, 0, 1, 1], "texture": "#0"}
      }
  },
  {
     "from": [6.75, 4.25, 6.75],
     "to": [9.25, 11.75, 9.25],
      "faces": {
          "north": {"uv": [0, 0, 1, 1], "texture": "#0"},
          "east": {"uv": [0, 0, 1, 1], "texture": "#0"},
          "south": {"uv": [0, 0, 1, 1], "texture": "#0"},
          "west": {"uv": [0, 0, 1, 1], "texture": "#0"},
          "up": {"uv": [0, 0, 1, 1], "texture": "#0"},
          "down": {"uv": [0, 0, 1, 1], "texture": "#0"}
      }
  },
  {
     "from": [5.75, 4.75, 6.75],
     "to": [10.25, 11.25, 9.25],
      "faces": {
          "north": {"uv": [0, 0, 1, 1], "texture": "#0"},
          "east": {"uv": [0, 0, 1, 1], "texture": "#0"},
          "south": {"uv": [0, 0, 1, 1], "texture": "#0"},
          "west": {"uv": [0, 0, 1, 1], "texture": "#0"},
          "up": {"uv": [0, 0, 1, 1], "texture": "#0"},
          "down": {"uv": [0, 0, 1, 1], "texture": "#0"}
      }
  },
  {
     "from": [4.75, 5.75, 6.75],
     "to": [11.25, 10.25, 9.25],
      "faces": {
          "north": {"uv": [0, 0, 1, 1], "texture": "#0"},
          "east": {"uv": [0, 0, 1, 1], "texture": "#0"},
          "south": {"uv": [0, 0, 1, 1], "texture": "#0"},
          "west": {"uv": [0, 0, 1, 1], "texture": "#0"},
          "up": {"uv": [0, 0, 1, 1], "texture": "#0"},
          "down": {"uv": [0, 0, 1, 1], "texture": "#0"}
      }
  },
  {
     "from": [4.25, 6.75, 6.75],
     "to": [11.75, 9.25, 9.25],
      "faces": {
          "north": {"uv": [0, 0, 1, 1], "texture": "#0"},
          "east": {"uv": [0, 0, 1, 1], "texture": "#0"},
          "south": {"uv": [0, 0, 1, 1], "texture": "#0"},
          "west": {"uv": [0, 0, 1, 1], "texture": "#0"},
          "up": {"uv": [0, 0, 1, 1], "texture": "#0"},
          "down": {"uv": [0, 0, 1, 1], "texture": "#0"}
      }
  },
  {
     "from": [7.5, 4.0, 7.0],
     "to": [8.5, 12.0, 9.0],
      "faces": {
          "north": {"uv": [0, 0, 1, 1], "texture": "#0"},
          "east": {"uv": [0, 0, 1, 1], "texture": "#0"},
          "south": {"uv": [0, 0, 1, 1], "texture": "#0"},
          "west": {"uv": [0, 0, 1, 1], "texture": "#0"},
          "up": {"uv": [0, 0, 1, 1], "texture": "#0"},
          "down": {"uv": [0, 0, 1, 1], "texture": "#0"}
      }
  },
  {
     "from": [6.5, 4.25, 7.0],
     "to": [9.5, 11.75, 9.0],
      "faces": {
          "north": {"uv": [0, 0, 1, 1], "texture": "#0"},
          "east": {"uv": [0, 0, 1, 1], "texture": "#0"},
          "south": {"uv": [0, 0, 1, 1], "texture": "#0"},
          "west": {"uv": [0, 0, 1, 1], "texture": "#0"},
          "up": {"uv": [0, 0, 1, 1], "texture": "#0"},
          "down": {"uv": [0, 0, 1, 1], "texture": "#0"}
      }
  },
  {
     "from": [6.0, 4.5, 7.0],
     "to": [10.0, 11.5, 9.0],
      "faces": {
          "north": {"uv": [0, 0, 1, 1], "texture": "#0"},
          "east": {"uv": [0, 0, 1, 1], "texture": "#0"},
          "south": {"uv": [0, 0, 1, 1], "texture": "#0"},
          "west": {"uv": [0, 0, 1, 1], "texture": "#0"},
          "up": {"uv": [0, 0, 1, 1], "texture": "#0"},
          "down": {"uv": [0, 0, 1, 1], "texture": "#0"}
      }
  },
  {
     "from": [5.25, 5.0, 7.0],
     "to": [10.75, 11.0, 9.0],
      "faces": {
          "north": {"uv": [0, 0, 1, 1], "texture": "#0"},
          "east": {"uv": [0, 0, 1, 1], "texture": "#0"},
          "south": {"uv": [0, 0, 1, 1], "texture": "#0"},
          "west": {"uv": [0, 0, 1, 1], "texture": "#0"},
          "up": {"uv": [0, 0, 1, 1], "texture": "#0"},
          "down": {"uv": [0, 0, 1, 1], "texture": "#0"}
      }
  },
  {
     "from": [5.0, 5.25, 7.0],
     "to": [11.0, 10.75, 9.0],
      "faces": {
          "north": {"uv": [0, 0, 1, 1], "texture": "#0"},
          "east": {"uv": [0, 0, 1, 1], "texture": "#0"},
          "south": {"uv": [0, 0, 1, 1], "texture": "#0"},
          "west": {"uv": [0, 0, 1, 1], "texture": "#0"},
          "up": {"uv": [0, 0, 1, 1], "texture": "#0"},
          "down": {"uv": [0, 0, 1, 1], "texture": "#0"}
      }
  },
  {
     "from": [4.5, 6.0, 7.0],
     "to": [11.5, 10.0, 9.0],
      "faces": {
          "north": {"uv": [0, 0, 1, 1], "texture": "#0"},
          "east": {"uv": [0, 0, 1, 1], "texture": "#0"},
          "south": {"uv": [0, 0, 1, 1], "texture": "#0"},
          "west": {"uv": [0, 0, 1, 1], "texture": "#0"},
          "up": {"uv": [0, 0, 1, 1], "texture": "#0"},
          "down": {"uv": [0, 0, 1, 1], "texture": "#0"}
      }
  },
  {
     "from": [4.25, 6.5, 7.0],
     "to": [11.75, 9.5, 9.0],
      "faces": {
          "north": {"uv": [0, 0, 1, 1], "texture": "#0"},
          "east": {"uv": [0, 0, 1, 1], "texture": "#0"},
          "south": {"uv": [0, 0, 1, 1], "texture": "#0"},
          "west": {"uv": [0, 0, 1, 1], "texture": "#0"},
          "up": {"uv": [0, 0, 1, 1], "texture": "#0"},
          "down": {"uv": [0, 0, 1, 1], "texture": "#0"}
      }
  },
  {
     "from": [4.0, 7.5, 7.0],
     "to": [12.0, 8.5, 9.0],
      "faces": {
          "north": {"uv": [0, 0, 1, 1], "texture": "#0"},
          "east": {"uv": [0, 0, 1, 1], "texture": "#0"},
          "south": {"uv": [0, 0, 1, 1], "texture": "#0"},
          "west": {"uv": [0, 0, 1, 1], "texture": "#0"},
          "up": {"uv": [0, 0, 1, 1], "texture": "#0"},
          "down": {"uv": [0, 0, 1, 1], "texture": "#0"}
      }
  },
  {
     "from": [7.25, 4.0, 7.25],
     "to": [8.75, 12.0, 8.75],
      "faces": {
          "north": {"uv": [0, 0, 1, 1], "texture": "#0"},
          "east": {"uv": [0, 0, 1, 1], "texture": "#0"},
          "south": {"uv": [0, 0, 1, 1], "texture": "#0"},
          "west": {"uv": [0, 0, 1, 1], "texture": "#0"},
          "up": {"uv": [0, 0, 1, 1], "texture": "#0"},
          "down": {"uv": [0, 0, 1, 1], "texture": "#0"}
      }
  },
  {
     "from": [5.5, 4.75, 7.25],
     "to": [10.5, 11.25, 8.75],
      "faces": {
          "north": {"uv": [0, 0, 1, 1], "texture": "#0"},
          "east": {"uv": [0, 0, 1, 1], "texture": "#0"},
          "south": {"uv": [0, 0, 1, 1], "texture": "#0"},
          "west": {"uv": [0, 0, 1, 1], "texture": "#0"},
          "up": {"uv": [0, 0, 1, 1], "texture": "#0"},
          "down": {"uv": [0, 0, 1, 1], "texture": "#0"}
      }
  },
  {
     "from": [4.75, 5.5, 7.25],
     "to": [11.25, 10.5, 8.75],
      "faces": {
          "north": {"uv": [0, 0, 1, 1], "texture": "#0"},
          "east": {"uv": [0, 0, 1, 1], "texture": "#0"},
          "south": {"uv": [0, 0, 1, 1], "texture": "#0"},
          "west": {"uv": [0, 0, 1, 1], "texture": "#0"},
          "up": {"uv": [0, 0, 1, 1], "texture": "#0"},
          "down": {"uv": [0, 0, 1, 1], "texture": "#0"}
      }
  },
  {
     "from": [4.0, 7.25, 7.25],
     "to": [12.0, 8.75, 8.75],
      "faces": {
          "north": {"uv": [0, 0, 1, 1], "texture": "#0"},
          "east": {"uv": [0, 0, 1, 1], "texture": "#0"},
          "south": {"uv": [0, 0, 1, 1], "texture": "#0"},
          "west": {"uv": [0, 0, 1, 1], "texture": "#0"},
          "up": {"uv": [0, 0, 1, 1], "texture": "#0"},
          "down": {"uv": [0, 0, 1, 1], "texture": "#0"}
      }
  },
  {
     "from": [7.0, 4.0, 7.5],
     "to": [9.0, 12.0, 8.5],
      "faces": {
          "north": {"uv": [0, 0, 1, 1], "texture": "#0"},
          "east": {"uv": [0, 0, 1, 1], "texture": "#0"},
          "south": {"uv": [0, 0, 1, 1], "texture": "#0"},
          "west": {"uv": [0, 0, 1, 1], "texture": "#0"},
          "up": {"uv": [0, 0, 1, 1], "texture": "#0"},
          "down": {"uv": [0, 0, 1, 1], "texture": "#0"}
      }
  },
  {
     "from": [6.25, 4.25, 7.5],
     "to": [9.75, 11.75, 8.5],
      "faces": {
          "north": {"uv": [0, 0, 1, 1], "texture": "#0"},
          "east": {"uv": [0, 0, 1, 1], "texture": "#0"},
          "south": {"uv": [0, 0, 1, 1], "texture": "#0"},
          "west": {"uv": [0, 0, 1, 1], "texture": "#0"},
          "up": {"uv": [0, 0, 1, 1], "texture": "#0"},
          "down": {"uv": [0, 0, 1, 1], "texture": "#0"}
      }
  },
  {
     "from": [4.25, 6.25, 7.5],
     "to": [11.75, 9.75, 8.5],
      "faces": {
          "north": {"uv": [0, 0, 1, 1], "texture": "#0"},
          "east": {"uv": [0, 0, 1, 1], "texture": "#0"},
          "south": {"uv": [0, 0, 1, 1], "texture": "#0"},
          "west": {"uv": [0, 0, 1, 1], "texture": "#0"},
          "up": {"uv": [0, 0, 1, 1], "texture": "#0"},
          "down": {"uv": [0, 0, 1, 1], "texture": "#0"}
      }
  },
  {
     "from": [4.0, 7.0, 7.5],
     "to": [12.0, 9.0, 8.5],
      "faces": {
          "north": {"uv": [0, 0, 1, 1], "texture": "#0"},
          "east": {"uv": [0, 0, 1, 1], "texture": "#0"},
          "south": {"uv": [0, 0, 1, 1], "texture": "#0"},
          "west": {"uv": [0, 0, 1, 1], "texture": "#0"},
          "up": {"uv": [0, 0, 1, 1], "texture": "#0"},
          "down": {"uv": [0, 0, 1, 1], "texture": "#0"}
      }
  },
  {
     "from": [5.75, 4.5, 7.75],
     "to": [10.25, 11.5, 8.25],
      "faces": {
          "north": {"uv": [0, 0, 1, 1], "texture": "#0"},
          "east": {"uv": [0, 0, 1, 1], "texture": "#0"},
          "south": {"uv": [0, 0, 1, 1], "texture": "#0"},
          "west": {"uv": [0, 0, 1, 1], "texture": "#0"},
          "up": {"uv": [0, 0, 1, 1], "texture": "#0"},
          "down": {"uv": [0, 0, 1, 1], "texture": "#0"}
      }
  },
  {
     "from": [4.5, 5.75, 7.75],
     "to": [11.5, 10.25, 8.25],
      "faces": {
          "north": {"uv": [0, 0, 1, 1], "texture": "#0"},
          "east": {"uv": [0, 0, 1, 1], "texture": "#0"},
          "south": {"uv": [0, 0, 1, 1], "texture": "#0"},
          "west": {"uv": [0, 0, 1, 1], "texture": "#0"},
          "up": {"uv": [0, 0, 1, 1], "texture": "#0"},
          "down": {"uv": [0, 0, 1, 1], "texture": "#0"}
      }
  }
],
  "display": {
      "thirdperson_righthand": {
          "scale": [-0.25, -0.25, -0.25]
      },
      "thirdperson_lefthand": {
          "scale": [0.25, 0.25, 0.25]
      },
      "firstperson_righthand": {
          "scale": [0.5, 0.5, 0.5]
      },
      "firstperson_lefthand": {
          "scale": [0.5, 0.5, 0.5]
      },
      "ground": {
          "scale": [0.5, 0.5, 0.5]
      },
      "gui": {
          "rotation": [45, 45, 45]
      },
      "head": {
          "translation": [0, 8, 0],
          "scale": [1.14286, 1.14286, 1.14286]
      }
  }
}