{
	"credit": "Made with Blockbench",
	"textures": {
		"0": "item/pool/cloth",
		"1": "item/pool/wood",
		"2": "item/pool/black",
		"4": "item/pool/wood_light",
		"5": "item/pool/qrcode",
		"particle": "item/pool/cloth"
	},
	"elements": [
		{
			"from": [15.17, 16, 7.84],
			"to": [16, 16.03, 11.84],
			"rotation": {"angle": 0, "axis": "y", "origin": [16, 16.015, 12]},
			"faces": {
				"north": {"uv": [0, 0, 0.83, 0.03], "texture": "#2"},
				"east": {"uv": [0, 0, 4, 0.03], "texture": "#2"},
				"south": {"uv": [0, 0, 0.83, 0.03], "texture": "#2"},
				"west": {"uv": [0, 0, 4, 0.03], "texture": "#2"},
				"up": {"uv": [0, 0, 0.83, 4], "texture": "#2"},
				"down": {"uv": [0, 0, 0.83, 4], "texture": "#2"}
			}
		},
		{
			"from": [15.17, 16, 7.84],
			"to": [16.83, 16.03, 9.84],
			"rotation": {"angle": 22.5, "axis": "y", "origin": [16, 16.015, 12]},
			"faces": {
				"north": {"uv": [0, 0, 1.66, 0.03], "texture": "#2"},
				"east": {"uv": [0, 0, 2, 0.03], "texture": "#2"},
				"south": {"uv": [0, 0, 1.66, 0.03], "texture": "#2"},
				"west": {"uv": [0, 0, 2, 0.03], "texture": "#2"},
				"up": {"uv": [0, 0, 1.66, 2], "texture": "#2"},
				"down": {"uv": [0, 0, 1.66, 2], "texture": "#2"}
			}
		},
		{
			"from": [15.17, 16, 7.84],
			"to": [16.83, 16.03, 10.84],
			"rotation": {"angle": 45, "axis": "y", "origin": [16, 16.015, 12]},
			"faces": {
				"north": {"uv": [0, 0, 1.66, 0.03], "texture": "#2"},
				"east": {"uv": [0, 0, 3, 0.03], "texture": "#2"},
				"south": {"uv": [0, 0, 1.66, 0.03], "texture": "#2"},
				"west": {"uv": [0, 0, 3, 0.03], "texture": "#2"},
				"up": {"uv": [0, 0, 1.66, 3], "texture": "#2"},
				"down": {"uv": [0, 0, 1.66, 3], "texture": "#2"}
			}
		},
		{
			"from": [11.84, 16, 11.17],
			"to": [14.84, 16.03, 12.83],
			"rotation": {"angle": -22.5, "axis": "y", "origin": [16, 16.015, 12]},
			"faces": {
				"north": {"uv": [0, 0, 3, 0.03], "texture": "#2"},
				"east": {"uv": [0, 0, 1.66, 0.03], "texture": "#2"},
				"south": {"uv": [0, 0, 3, 0.03], "texture": "#2"},
				"west": {"uv": [0, 0, 1.66, 0.03], "texture": "#2"},
				"up": {"uv": [0, 0, 1.66, 3], "rotation": 270, "texture": "#2"},
				"down": {"uv": [0, 0, 1.66, 3], "rotation": 90, "texture": "#2"}
			}
		},
		{
			"from": [12, 16, 11.17],
			"to": [16, 16.03, 15.17],
			"rotation": {"angle": 0, "axis": "y", "origin": [16, 16.015, 12]},
			"faces": {
				"north": {"uv": [0, 0, 4, 0.03], "texture": "#2"},
				"east": {"uv": [0, 0, 4, 0.03], "texture": "#2"},
				"south": {"uv": [0, 0, 4, 0.03], "texture": "#2"},
				"west": {"uv": [0, 0, 4, 0.03], "texture": "#2"},
				"up": {"uv": [0, 0, 4, 4], "rotation": 270, "texture": "#2"},
				"down": {"uv": [0, 0, 4, 4], "rotation": 90, "texture": "#2"}
			}
		},
		{
			"from": [7.27, 16, 8],
			"to": [9.05, 19, 10],
			"rotation": {"angle": 0, "axis": "y", "origin": [8.16, 16, 12.48]},
			"faces": {
				"north": {"uv": [0, 0, 1.78, 3], "texture": "#0"},
				"east": {"uv": [0, 0, 2, 3], "texture": "#0"},
				"south": {"uv": [0, 0, 1.78, 3], "texture": "#0"},
				"west": {"uv": [0, 0, 2, 3], "texture": "#0"},
				"up": {"uv": [0, 0, 1.78, 2], "texture": "#0"},
				"down": {"uv": [0, 0, 1.78, 2], "texture": "#0"}
			}
		},
		{
			"from": [0, 16, 8],
			"to": [8.78, 19, 12],
			"rotation": {"angle": 0, "axis": "y", "origin": [8.16, 16, 12.48]},
			"faces": {
				"north": {"uv": [0, 0, 8.78, 3], "texture": "#0"},
				"east": {"uv": [0, 0, 4, 3], "texture": "#0"},
				"south": {"uv": [0, 0, 8.78, 3], "texture": "#0"},
				"west": {"uv": [0, 0, 4, 3], "texture": "#0"},
				"up": {"uv": [0, 0, 8.78, 4], "texture": "#0"},
				"down": {"uv": [0, 0, 8.78, 4], "texture": "#0"}
			}
		},
		{
			"from": [8, 16, 10],
			"to": [10.78, 19, 12],
			"rotation": {"angle": 0, "axis": "y", "origin": [16.16, 16, 14.48]},
			"faces": {
				"north": {"uv": [0, 0, 2.78, 3], "texture": "#0"},
				"east": {"uv": [0, 0, 2, 3], "texture": "#0"},
				"south": {"uv": [0, 0, 2.78, 3], "texture": "#0"},
				"west": {"uv": [0, 0, 2, 3], "texture": "#0"},
				"up": {"uv": [0, 0, 2.78, 2], "texture": "#0"},
				"down": {"uv": [0, 0, 2.78, 2], "texture": "#0"}
			}
		},
		{
			"from": [7.27, 16, 8],
			"to": [9.05, 19, 10],
			"rotation": {"angle": -22.5, "axis": "y", "origin": [8.16, 16, 12.48]},
			"faces": {
				"north": {"uv": [0, 0, 1.78, 3], "texture": "#0"},
				"east": {"uv": [0, 0, 2, 3], "texture": "#0"},
				"south": {"uv": [0, 0, 1.78, 3], "texture": "#0"},
				"west": {"uv": [0, 0, 2, 3], "texture": "#0"},
				"up": {"uv": [0, 0, 1.78, 2], "texture": "#0"},
				"down": {"uv": [0, 0, 1.78, 2], "texture": "#0"}
			}
		},
		{
			"from": [7.27, 16, 8],
			"to": [9.05, 19, 10],
			"rotation": {"angle": -45, "axis": "y", "origin": [8.16, 16, 12.48]},
			"faces": {
				"north": {"uv": [0, 0, 1.78, 3], "texture": "#0"},
				"east": {"uv": [0, 0, 2, 3], "texture": "#0"},
				"south": {"uv": [0, 0, 1.78, 3], "texture": "#0"},
				"west": {"uv": [0, 0, 2, 3], "texture": "#0"},
				"up": {"uv": [0, 0, 1.78, 2], "texture": "#0"},
				"down": {"uv": [0, 0, 1.78, 2], "texture": "#0"}
			}
		},
		{
			"from": [10.64, 16, 11.59],
			"to": [12.64, 19, 13.37],
			"rotation": {"angle": 22.5, "axis": "y", "origin": [8.16, 16, 12.48]},
			"faces": {
				"north": {"uv": [0, 0, 2, 3], "texture": "#0"},
				"east": {"uv": [0, 0, 1.78, 3], "texture": "#0"},
				"south": {"uv": [0, 0, 2, 3], "texture": "#0"},
				"west": {"uv": [0, 0, 1.78, 3], "texture": "#0"},
				"up": {"uv": [0, 0, 1.78, 2], "rotation": 90, "texture": "#0"},
				"down": {"uv": [0, 0, 1.78, 2], "rotation": 270, "texture": "#0"}
			}
		},
		{
			"from": [10.64, 16, 11.59],
			"to": [12.64, 19, 12.83],
			"rotation": {"angle": 0, "axis": "y", "origin": [8.16, 16, 12.48]},
			"faces": {
				"north": {"uv": [0, 0, 2, 3], "texture": "#0"},
				"east": {"uv": [0, 0, 1.24, 3], "texture": "#0"},
				"south": {"uv": [0, 0, 2, 3], "texture": "#0"},
				"west": {"uv": [0, 0, 1.24, 3], "texture": "#0"},
				"up": {"uv": [0, 0, 1.24, 2], "rotation": 90, "texture": "#0"},
				"down": {"uv": [0, 0, 1.24, 2], "rotation": 270, "texture": "#0"}
			}
		},
		{
			"from": [0, 16, 12],
			"to": [12.5, 19.02, 16],
			"rotation": {"angle": 0, "axis": "y", "origin": [8, 29, 20]},
			"faces": {
				"north": {"uv": [0, 0, 12.5, 3.02], "texture": "#1"},
				"east": {"uv": [0, 0, 4, 3.02], "texture": "#1"},
				"south": {"uv": [0, 0, 12.5, 3.02], "texture": "#1"},
				"west": {"uv": [0, 0, 4, 3.02], "texture": "#1"},
				"up": {"uv": [0, 0, 12.5, 4], "texture": "#1"},
				"down": {"uv": [0, 0, 12.5, 4], "texture": "#1"}
			}
		},
		{
			"from": [12, 16, 14.8],
			"to": [16, 19, 15.9],
			"rotation": {"angle": 0, "axis": "y", "origin": [16, 17.5, 11]},
			"faces": {
				"north": {"uv": [0, 0, 4, 3], "texture": "#4"},
				"east": {"uv": [0, 0, 1.1, 3], "texture": "#4"},
				"south": {"uv": [0, 0, 4, 3], "texture": "#4"},
				"west": {"uv": [0, 0, 1.1, 3], "texture": "#4"},
				"up": {"uv": [0, 0, 4, 1.1], "texture": "#4"},
				"down": {"uv": [0, 0, 4, 1.1], "texture": "#4"}
			}
		},
		{
			"from": [15, 16, 14.8],
			"to": [17, 19, 15.8],
			"rotation": {"angle": -22.5, "axis": "y", "origin": [16, 17.5, 11]},
			"faces": {
				"north": {"uv": [0, 0, 2, 3], "texture": "#4"},
				"east": {"uv": [0, 0, 1, 3], "texture": "#4"},
				"south": {"uv": [0, 0, 2, 3], "texture": "#4"},
				"west": {"uv": [0, 0, 1, 3], "texture": "#4"},
				"up": {"uv": [0, 0, 2, 1], "texture": "#4"},
				"down": {"uv": [0, 0, 2, 1], "texture": "#4"}
			}
		},
		{
			"from": [15, 16, 14.8],
			"to": [17, 19, 16.8],
			"rotation": {"angle": -45, "axis": "y", "origin": [16, 17.5, 11]},
			"faces": {
				"north": {"uv": [0, 0, 2, 3], "texture": "#4"},
				"east": {"uv": [0, 0, 2, 3], "texture": "#4"},
				"south": {"uv": [0, 0, 2, 3], "texture": "#4"},
				"west": {"uv": [0, 0, 2, 3], "texture": "#4"},
				"up": {"uv": [0, 0, 2, 2], "texture": "#4"},
				"down": {"uv": [0, 0, 2, 2], "texture": "#4"}
			}
		},
		{
			"from": [11.35074, 16, 11.3758],
			"to": [12.35074, 19, 11.8758],
			"rotation": {"angle": 22.5, "axis": "y", "origin": [16.15074, 17.5, 11.3758]},
			"faces": {
				"north": {"uv": [0, 0, 1, 3], "texture": "#4"},
				"east": {"uv": [0, 0, 0.5, 3], "texture": "#4"},
				"south": {"uv": [0, 0, 1, 3], "texture": "#4"},
				"west": {"uv": [0, 0, 0.5, 3], "texture": "#4"},
				"up": {"uv": [0, 0, 0.5, 1], "rotation": 90, "texture": "#4"},
				"down": {"uv": [0, 0, 0.5, 1], "rotation": 270, "texture": "#4"}
			}
		},
		{
			"from": [11.64, 16, 12.83],
			"to": [12.64, 19, 13.33],
			"rotation": {"angle": 0, "axis": "y", "origin": [14.44, 17.5, 11.83]},
			"faces": {
				"north": {"uv": [0, 0, 1, 3], "texture": "#4"},
				"east": {"uv": [0, 0, 0.5, 3], "texture": "#4"},
				"south": {"uv": [0, 0, 1, 3], "texture": "#4"},
				"west": {"uv": [0, 0, 0.5, 3], "texture": "#4"},
				"up": {"uv": [0, 0, 0.5, 1], "rotation": 90, "texture": "#4"},
				"down": {"uv": [0, 0, 0.5, 1], "rotation": 270, "texture": "#4"}
			}
		},
		{
			"from": [0, 16, 0],
			"to": [16, 16.02, 11],
			"faces": {
				"north": {"uv": [0, 0, 16, 0.02], "texture": "#0"},
				"east": {"uv": [0, 0, 11, 0.02], "texture": "#0"},
				"south": {"uv": [0, 0, 16, 0.02], "texture": "#0"},
				"west": {"uv": [0, 0, 11, 0.02], "texture": "#0"},
				"up": {"uv": [0, 0, 16, 11], "texture": "#0"},
				"down": {"uv": [0, 0, 16, 11], "texture": "#0"}
			}
		},
		{
			"from": [9, 19, 12.5],
			"to": [12, 19.05, 15.5],
			"faces": {
				"north": {"uv": [0, 0, 3, 0.05], "texture": "#1"},
				"east": {"uv": [0, 0, 3, 0.05], "texture": "#1"},
				"south": {"uv": [0, 0, 3, 0.05], "texture": "#1"},
				"west": {"uv": [0, 0, 3, 0.05], "texture": "#1"},
				"up": {"uv": [0, 0, 16, 16], "texture": "#5"},
				"down": {"uv": [0, 0, 3, 3], "texture": "#1"}
			}
		}
	],
	"display": {
		"thirdperson_righthand": {
			"rotation": [90, 0, 0],
			"translation": [0, 0, -16]
		},
		"thirdperson_lefthand": {
			"rotation": [90, 0, 0],
			"translation": [0, 0, -16]
		},
		"firstperson_righthand": {
			"translation": [0, -8, 0]
		},
		"firstperson_lefthand": {
			"translation": [0, -8, 0]
		},
		"ground": {
			"translation": [0, -19.5, 0]
		},
		"gui": {
			"rotation": [90, 0, 0]
		},
		"head": {
			"translation": [0, 14.5, 0]
		},
		"fixed": {
			"rotation": [-90, -90, 0],
			"translation": [0, 0, -16],
			"scale": [2, 2, 2]
		}
	},
	"groups": [
		{
			"name": "new",
			"origin": [8, 8, 8],
			"children": [0, 1, 2, 3, 4, 5, 6, 7, 8, 9, 10, 11, 12, 13, 14, 15, 16, 17, 18, 19]
		}
	]
}